Title,Source,Date,URL
Republican senator introduces bill to abolish US Department of Education - The Guardian US,The Guardian US,"Wed, 27 Nov 2024 22:39:00 GMT",https://news.google.com/rss/articles/CBMimwFBVV95cUxNZE1wM0hVUFRwOGdIN2tEWkhfRlVXM0pNdF95Z0VzLU50VVUycEwteHU0MXpfN0F2YURHSm45MEgzVFU4aE5xeXVNLWx6a09uTDRNUjUtTTlNMG5GRm9fNXcyZFVCWkFwV1l5S1R1ZUkxcWVDNDVGY3dBVHliWUZoYzlsZzRhbnYzSlN6NDJjYk80Z3BxRHhkTGQ2SdIBmwFBVV95cUxOSVd4c2lwd05MaVZLNU9fU2ZsQmx3LUN4NkdBWE1KazBNcV9aMGFiakZHS1drNWhfOXFHWjQwckNGX3lqZWYzUjd3RnBmR0NvQzlWTEdEYm5YZUlncXBHWHNITnpuME1ldFBFZ1hlcm4yOGdkQkUxQVU1MlVqUk9pV3c5ZXp5Ykd0UUswODNBWW12MWNwOHlYMks2dw?oc=5
Is India’s education system the root of its problems? - The Economist,The Economist,"Thu, 28 Nov 2024 11:14:00 GMT",https://news.google.com/rss/articles/CBMimAFBVV95cUxNQWpROEZoc2pZc1AxV2E4MlZ5SUYwVDdvY2tQS3pONWJLOTVoMDVmSHlzRnhEbVNJM3h4U2RJNzM1ZEFrRklwcFdiUUZzVkJfUy1zd3J6YTJZak96SVpBM183Mm43djM5QjhTWE1zdW9OVzYwSnU0SUN6WHJvb3lPdFBFeGZqR2Z0UTcxcEpYejBOSzJzc3V4Uw?oc=5
Huesnet and 4-H join forces to boost STEM education in Mount Shasta and rural communities - KRCR,KRCR,"Fri, 29 Nov 2024 00:27:56 GMT",https://news.google.com/rss/articles/CBMiuwFBVV95cUxNOUsyTElSOVZXS1R6a19IY0NkYnpTQ2xGby1RRUFTN05OdWlyNHZUckRHaDZSdVJ2TVVGVDdFenRVYlBmX215SHMyRFppcVpIMFNPYnBGbHE1aXU2Qnh1QnBWczJsTm1aZUxfOVhhemVXSkFWaEZpWWdmTUZsUXltY3pKaW45NzlPN0UwTXhWX0Q0QUFvTk00RTJ5RW5ZQ3llQnVKZ0dEVUFLQ0xjVlREQnpIYTFNdE5RMV9R?oc=5
Linda McMahon Was Questioned About WWE in Previous Connecticut Education Role - The New York Times,The New York Times,"Thu, 28 Nov 2024 14:00:09 GMT",https://news.google.com/rss/articles/CBMihwFBVV95cUxOR2FycEI0UXo3WmFFamtRUTJhNURndHJUNWdLWC1EZFNXdHg0S09kSnVxQWVsRDNrX212aXFsX2l0Uy03dmthRDZGdnlEVjBHQVVkSUNIRXJkdks1RVh5dm1KQ0tub1FvaXBKcHprZmJqem9iTDA5emZVOWxPQjhOTlB2OFJVVEk?oc=5
New report shows nearly 70% of Biden admin's education enforcement targeted Christian and career colleges - Yahoo! Voices,Yahoo! Voices,"Thu, 28 Nov 2024 13:00:35 GMT",https://news.google.com/rss/articles/CBMiekFVX3lxTE1jOUN5dUFlaGoxTFB0ZFR5ZkpnVFhFY0V2dlRDaFRzTnlnck10SGNQMTI3MllPMVNUeTR5bVBZZ1ZlbU1MSENUakhFSTZjQUlRRXAwcU12NXZuUmVxQ2w2dFRZaGpSS0RhY1hPNEYybmhSQUU1V2I1RWRB?oc=5
"To win the working class, Democrats should champion patriotic education - The Hill",The Hill,"Thu, 28 Nov 2024 18:00:00 GMT",https://news.google.com/rss/articles/CBMijAFBVV95cUxPejFMdGwzeEtCOS1LcmF6cFVEV0RFaHNKV29HUnUwX2JPTFJoNXNmdVRRMUpGVWpMbC1qRlhaY3hIOGU3WW5CY2xkTGZkVGVPRHJNVEREd0s5eG5lYVhKMThkRElqNmRsa2IzSDlaWUxIWEgxUzVxeXg0bldBakRaTVpoNHFyUGZWS2pNNdIBkgFBVV95cUxQNFZxdW9pQllJbTlJVUY4N2hOcy1RXzhReGljbWtaSUhqVHBENTlzd2oydVpkOUtGamp0RHZnYlNNUHBkRXQ1eWhZbHRiRzJKMXhaYWs1MmVEbWpsNm5Oenk1X25Rd0VwVFBRU2ppSEJ0LUJ0Q19mNk12UFNZWDdpWnVDSDNSdlhfdzBhWDkwb2tvQQ?oc=5
Republicans push plans to dramatically expand education vouchers — despite voter resistance. - POLITICO,POLITICO,"Wed, 27 Nov 2024 10:00:00 GMT",https://news.google.com/rss/articles/CBMiogFBVV95cUxPTGpjNm82U1dxME15aE5vMHNnbFh0eWdZZ21nSDREWHZfZmViRWZmdUtOU3E1VmRhSHYxZWhtZU8wWEI0VzZ2TTVBTnZmWTQ2U3ZKTEtMNmFLaGhPdXNvdmJtTF84WU9TVmhFaWQwREc4NWtzZW1SbDBTczQ0TGxJNUt0NmcyVWFsYm9LcGNBOFFQSkxVTUp5d25WdzVGSHEtM1E?oc=5
"Johnson: Trump’s education plans, secretary pick must be carefully vetted - Star Tribune",Star Tribune,"Thu, 28 Nov 2024 23:33:12 GMT",https://news.google.com/rss/articles/CBMiogFBVV95cUxPeVVnOG9fYm1QaTRhcEhMZERDa2hMckE2UTVnUmdYWVc5aFluNWFPMENCajhROVRncVVNcFE3SXhtX01IbzRuR3U1QW5FNFNUOXI1NkxyODczeWFBZTFiRXR6OEhXeDZMQ3NOS2V2Y3k2R0NaeVJXTHFYUHBuUXRXME1yMWxkLWZocXp0TmhoMUZPbmp5ZEdYeGpRdVhqQkpfc3c?oc=5
'Focus resources': Nebraska Department of Education prioritizes literacy for Nebraska students - KETV Omaha,KETV Omaha,"Wed, 27 Nov 2024 23:28:00 GMT",https://news.google.com/rss/articles/CBMiqgFBVV95cUxPZE5oZzNCakNxUlJFYl9oUjgtbUZBZXhSRDNLZVg0MXJCLVdqa1g5d0dZa3ZvT2Y0Ul9xcEJqVmxtRWJWNkpCRmxOanNPWGtxSUU4YVMyTm82Zk9VX3d0NGVtSk5xTzdQWEVteWtwNlBBdERYbXE5dnBOeXVCYTBmMGM0eDUtTDA4TWsycGJ2OWFoUU8tU3Y3eFBpRzUweDQzUUhudE9ud2dtUQ?oc=5
A Bill to Kill the Education Department Is Already Filed. Here’s What It Says - Education Week,Education Week,"Mon, 25 Nov 2024 22:25:34 GMT",https://news.google.com/rss/articles/CBMivwFBVV95cUxPcHVHTTl1LTlzTEJwSnJLZVo5dmx6STVwUlZoTktSVDdHdXdKN2hsLThGNXZuWUhmRUUydVlQQ3lOUncydUJ4X1c3OUNUc1p5eFRCdmV3X212dFhxWDFIVm5FQXRpTWNHckUzOWJ6Yld6RklPOFFDeXdwLUFKTnRla0EwcUxwWUlZZVRZajczNTliVS1pTTJ6dk1SMnkwNnFmX1p2eFdFeXdDTE5SREhwYTZwTlUxSmktNmlPNjlSYw?oc=5
Trump Wants to End the Education Department. Here’s What That Means. - The Wall Street Journal,The Wall Street Journal,"Fri, 29 Nov 2024 00:44:36 GMT",https://news.google.com/rss/articles/CBMi5gFBVV95cUxPbHFmVm91TnVqbmh1X1duOU5NcERLdUpZVDNCTzBPdmhwemJLaThSVTBjUmtHbTlBM1BTU05nOWRUN2xKQ3RhUmJyQ3Z4Wmo0bmlFOUI0ME44eU9OMUxndjhBWlNjb2pXb0l5em03NU5SWGItT2JSc2dCNXNrYVNINFlrMld2ZEVhLWd0LXpvTTkwMG12TDZWZmV2bGN2QzJPWkh2TkozRVh4ZEx2dVFfQ0V3ci05Q0hTUVF1ekJjTmlvUkIxS3UtVFlGYlRHYzdGMW5uemxIdmp1c2w4WXlFU2tIRmVNdw?oc=5
Fulbright Scholars from 25 Countries Convene at Howard to Discuss Higher Education and HBCUs - The Dig,The Dig,"Thu, 28 Nov 2024 16:43:54 GMT",https://news.google.com/rss/articles/CBMiuwFBVV95cUxOUXdaLVVhdkpNcy1wck1DN1hoQ293bG9wQlFmSnppV2VCMjV0N2V3aGZoRk5OS2d5N2lRVlNTUUlwdjNpWmt0QTdIMm1YaDgwSm16VTBTYzVrajc4c0REN1BxWjBPM0VRWWxPektJVnRkX1lpb012S0ZSLUtRWjVpWXh4cmcwQjlVLWpZMUlHMTl5TVRKT0lIWVBNU1lRZ0ZIRXh1TXZTVFF6dUZWVkZIQlhOb19ZMTlMMFJB?oc=5
New report shows nearly 70% of Biden admin's education enforcement targeted Christian and career colleges - Fox News,Fox News,"Thu, 28 Nov 2024 13:00:00 GMT",https://news.google.com/rss/articles/CBMivgFBVV95cUxNdFZLR240Qkl1TnVkY3haUFdobV81NTBVWHRlUkM5dmk3NTFvRzNZcVRmSGZEMnRtUWdUbGM4ZTNDTUtXQVZQclUtYnMwRnFhd2p1Um93eEljam94a2pReGloQm1OYkR2cThVWlF6TjRfNl9FQnBMa1IyZnRVMjM3M1NBRXNRUmJUaWRMZXNVQ3hzMW5NX2pCTGVJM2FWRk92LUhXT1JWVm1WcXJNY0FBcVVxc0tYTEJVc051VjRn0gHDAUFVX3lxTE5TMnQyX0VlZDZhZ1R1ZFc4OThEbVZMRVFZc3dnSUpzSlR5MXcwSF91dFAySS1pYWVaRk5SYTg3NE0ybGJGOW1kU0dqVk5RS2s4cEhXS2MwRTYzZXJST1pPU2htam8zNVRya2N3ZWVUSzRqc2xMNklOZDEzX2RkNk5oalMzZHEwRnJCa0I0Mk1BejhUSkZtLUVtYnBYQWFaTVhjUXF5NWZkVWdxdDhINGZSQmV6aEpVT0owNnBvUWJHVVU2OA?oc=5
"Amazon, Bellevue University partner to offer cloud computing education - WOWT",WOWT,"Fri, 29 Nov 2024 00:07:00 GMT",https://news.google.com/rss/articles/CBMioAFBVV95cUxNSFVKLTcwSHdLZkM3NDA4NVRRTk9qdHRrb0pTU2xBUnVVcjEwdHhmWWlzSGZVSFpzc3M0N0dTRWFSVGZZbFoyb0RSMnMycFVKNVl6R3U4R0ZhQmlnRG1IWnVZMzRjYmxLSS1pYy1LdkNQakx4dHJzd3FicGE4MTVyNUthZ3F0YmtKMnRmQWdJMlhjYzY4ek9uVTJDRnQ5TkQ50gG0AUFVX3lxTE4tbXpZWVJzYVJnWl9tUHpmWHpWamZ0amN3OFBKdk1VNFlPTklIbUtHTk0xcURGcXRDd05JZ0xOdU5rNVZPR1A5VzQ3LUs4WkJBX3FCc1dZU0o3cDZjd252YUhzOGxuQ1NIVHJpdmJTSzh4eFUzd1NweEV5dlhKTzhtX214WjdYWnFKaUt5SlZpaldWX2Z4QmE2eGR0blhMQWlDUkxwcTlDVXUyN3lhYmxEU2FsQQ?oc=5
Marin schools secure $1.2M grant for career education - Marin Independent Journal,Marin Independent Journal,"Thu, 28 Nov 2024 22:39:37 GMT",https://news.google.com/rss/articles/CBMikgFBVV95cUxOVlhFWEtLSmtEYWF5ZVR2WDNyMFdlem92RURXYkJsUnFkS1FCMDItanNkZ2ljTUZwNTVVaXJnYmJUOUZQYklXRWx6a0I4QXlPOV9YZUw3YzF2NkR6Q2dCN3J4SW9HazZ5V1lzMmUtZ2d4U0NPNTNUNDdtWTNMRFBXdzV2bTBPc0hXR3doZWN5cXp4d9IBlwFBVV95cUxPdkNWR01JQnA3SG5YbDlKaVdldnJNVUVreEhncDNwUmtkWnVFZmlfRDgzWDBFcV9reXJqMHFRc1l3UzVWcGNjSkd5bDd0SENVTzhWOHFfR0pZWFZDdVhJcW9fbE1CaklGZV9BeXJ0MnVGRC1ZZzh0d3JCU0t3RGFCcS14bmpIN3NxNUlNczdKTEZJcWxfMTBj?oc=5
District leaders express gratitude for special education staff - eSchool News,eSchool News,"Thu, 28 Nov 2024 10:01:00 GMT",https://news.google.com/rss/articles/CBMirwFBVV95cUxQa0Mxd212WWhaOHBNZnVQSUNub2lqM0NpeHdyNlp1QUJ3al9DS0dLX193aXRDWWtlekZaRWFOX3pEY1Q4TDN1a0tfdHFlYUFVZVdZbDZWdUxYVWJMaWhnNTdfY3lfMERadzg4S1NXeUs0UEM0M2xpTWhTSkh0bWU1bXRnenoweV9waHFtQnBTUlhaNXRjRzRlRzd0dVVmblRQQXo2WFMwMUdpT1UtSkZF?oc=5
Republican Bill To End The Department Of Education Introduced - Forbes,Forbes,"Tue, 26 Nov 2024 17:07:27 GMT",https://news.google.com/rss/articles/CBMiuwFBVV95cUxQclZWTWVPemR6UkxucWU2X3laWXZlVXNneHlzWGFlRjJPNUQ1ZlRHZnBuQlJ5MHdoWW5mNDZncVN0X3d5ckdNVkZmSWp4bElOV3owWTNwd0NuejdPZUQ4NTdkRktKcC1wMXZVUHNPMHNzcE16Z1BxdTRicEhITjNlS2oxVTZIQUlkVmZwcG83NVZ4azhmTDNESlNETUZRcjgtSUs0emVQMEUwRHJhYndYZW9BNmxvYXpTQlZr?oc=5
Republican states back Trump plan to abolish Education Dept. - Inside Higher Ed,Inside Higher Ed,"Mon, 25 Nov 2024 08:02:23 GMT",https://news.google.com/rss/articles/CBMixgFBVV95cUxNdjc5U3hMZVNtWEtFZk1SZmg1STVRc0Z4bmFySTB4OF9LTHJLU0hvQzNkZG1reWhRMzVxNTVpT0tPVG1ERUJQMTVwLW0ta3pkalRkRnhycE5Od0dELTZTTUFydzIteFNQd3RzY1I1M0lRSG1relBPNFFBOEZPMVk2SjBhVFV6emZRLUt3d05XcUZZS050c3FmWlg5aWNuYmMyZ1hzSEo5ZlhJOHFZQW9fQmxsTVprbnZsN1AyNmVQVzNzMjdBelE?oc=5
Each Child Means Each Child - Ohio Department of Education,Ohio Department of Education,"Mon, 25 Nov 2024 08:00:00 GMT",https://news.google.com/rss/articles/CBMinwFBVV95cUxONlA3T2w2d1QwM1VWdjF3elQ3NFplOTVGc0twMFEwSmd2Sno5dHA2YWNUTGF0WV9JYnJxNzlLcE90WlZkS2dLVW9EZkYyZWhrU1hBTVN3MnctRGY3UDZSYmY4UFhVbjBmN2tlWVUtbEFQUkp4MEhIU2dZdXF3Wlh4ZV9pcFFxQS1hZWtvNXNMMUU4aEdQZ1h6REdaempsaUE?oc=5
"VBMC-Brownsville offers advice, education to those at risk for diabetes - MyRGV",MyRGV,"Thu, 28 Nov 2024 19:15:00 GMT",https://news.google.com/rss/articles/CBMisAFBVV95cUxQNHVxbDVib2ZYSndpcmxxb3JiR0JxNjJHdVg5TC1tZVVkbGFGRndUNzh3eG5tcG00RG9neFJHaE5LMUFTYkNsdW5oSXExdXhYTkliRnFGQ1RXcEl6REdHLXMxR0VuY0Z2NnZrUzZPTUFBamhLOENtdDhxWkNfWENZQ2RBWkdPbGlxWHZpbUlmN0I4NFdFaXFnUVZyOUZteTFfckFPbS1SZURvTWpvcmVJeg?oc=5
David Brooks vs. Meritocracy - EducationNext,EducationNext,"Wed, 27 Nov 2024 10:01:36 GMT",https://news.google.com/rss/articles/CBMiakFVX3lxTE9TdzNDZklYTFJoVVJ1VHNERnI0X2hLQy1MYVppRkFGUGZ3Z0hyN2hKRmlxM3NVUHVvMzVsYlpOSkF4S2U4ZUhHbWVfLWZHc1BGc3pteURJOFlNMkpZS3FlLWxsbmJrR1pab3c?oc=5
Sen. Mike Rounds thinks he can get the votes to cut US Department of Education - Argus Leader,Argus Leader,"Tue, 26 Nov 2024 23:02:01 GMT",https://news.google.com/rss/articles/CBMi6wFBVV95cUxON2VMcS1PWDBwLV9IcXltbUVFREFWYmVwamp6MC1HeERwVno2WFo4R3I1OUNhVEg5YXpKWUk3QzFuTUdCSmtTamdwMVlMMDNPNEdZb2ZhRjZGM2JsWUQyS3QzbzNqVndtUmZTRUxkeWlNbm43QTZxTE5SZTlPSGxFZWR3MklZMkhtQS14ZFRuaVJsUlVxT0JKQXdEeUtIc28xX1hGSjdSVU5uV2xsQVptQ0c2bk5GVzRkZXhkSGtHRFQ1MDNpakdMYzJRRWFzUE9qZjlteEdKbVNmakpOMWpsX3Fqc0tUUmUzYUgw?oc=5
"AWS, Bellevue University partner for cloud education courses - WOWT",WOWT,"Fri, 29 Nov 2024 00:06:00 GMT",https://news.google.com/rss/articles/CBMimgFBVV95cUxNdzV0MGtFM3d0TGk4Ql9fTFJ4Yzd1clhJV0JQTkt3TFlZSDVNbmdKTDgweGZhOWdUWDNNVkFYM2JELXFOT3Q5aWUyS1hNQjgtY09KZlNRcHZRQWpESi1NNEkyYVIzSkRrbkVYckliRUNETWUtaVg2aVRHbWhITWJLRXBkRTkzLTV2bGE1cW80LTh0OURodGtpMVlR?oc=5
Career Connections - Ohio Department of Education,Ohio Department of Education,"Mon, 25 Nov 2024 08:00:00 GMT",https://news.google.com/rss/articles/CBMickFVX3lxTE1fMW9Va2hSMDVWdXpqNjcyazRTeXhaSkNFdEMzelZ6NW5tcW9MQzg1ODZSRmZES0lYU1B4N1E2elFzaWRMTzBOdnFrMllsakw1dVNyTElvNWxCMklMSXNSbUQwQWtQUVlkT0wwd0RPcVEwUQ?oc=5
Mathematics - Ohio Department of Education,Ohio Department of Education,"Mon, 25 Nov 2024 08:00:00 GMT",https://news.google.com/rss/articles/CBMib0FVX3lxTE1YTlIxM2ZTN2xSQXE5cXIyR2l2NGQwVkdYdl9qSmcxSUQ3a3VoWURVX1ZaNFI2ZFhKeXA4YmVWYTV3d2VWUUNDaFhoN056SGo0a1RDazJ2aTBvQ0d5Yk9QeG50VHg0YXN0cl9CVTJjZw?oc=5
Her wrestling empire was said to harm children. Trump chose her for Education - The Seattle Times,The Seattle Times,"Thu, 28 Nov 2024 22:56:53 GMT",https://news.google.com/rss/articles/CBMi0AFBVV95cUxPbTVpRUdtQ3p2cWNBb0RUN05uX09QNFZSMjVxYzF1ME1hRzhxQ0dmYkVUeUFHMGhvYWg1dlA5Q2NIOEdsLUdyaWRrZWdoT1Y4SFp6ZkY0TGJGWWlXVUgwVHJ4TzFsMGRURjI5VUpUZ2JYLW1LUVFEMl9ta1E5cjRscm9ka3ZnMENvbGFpWkJpUVE1Y0JRZV94MDFqRVVvb0tJeUF5akxSX1doX1U1NEI2eF9IRHNjM0x1dWNqc3VjUkVfMnV4cmhudE1KS1Q4Xy1r?oc=5
Colorado strengthens fire investigation and safety education with new trailers - Fire & Safety Journal Americas,Fire & Safety Journal Americas,"Thu, 28 Nov 2024 15:18:01 GMT",https://news.google.com/rss/articles/CBMivAFBVV95cUxNa2I3MmRlVl8waWFJbFBFUEFld3A0VzhGaHRnNE4yZHdZb2stRVRKd1BaUW5hVXo4bkZlU0NFdEUyelhjLVdXT2ZWdTRVN3lrRGQza2toTHV3MFNTNGM3N3VEX05NcG1DRG84VkVaWTFTcFZONmpmQjFpaU41ZVN1aVBFT3RTUV94YlVFS0xlZXBBMGs3blZmRjluX0lFVlBXemVjMnRZcTNibC1wdGVlWml1NGtGcTZZX3IzUA?oc=5
Old school t-net. Education for the newbs. Vintage Shoeless for hate week. - TigerNet,TigerNet,"Thu, 28 Nov 2024 21:10:57 GMT",https://news.google.com/rss/articles/CBMiygFBVV95cUxNRjg0dmRNRHNaT0FyS0Q4b1RraEFrWUZWNDRfZWx5NUlRYkk4QXM2N2FobDB1aWs2Y0lhREl6aWw4S2ozTGtwdkcteUtCc1d0VWNLV3B1Ulg0bFNuU3pqV2haS2VOV2ZzZnpMc1EzQ1cwNGtCNU1Cai1wNGJBUFU1RHNNanlVSmRJTjAzUXR3RGFyY3hZXzJraXJFSHpvUEZ1dXpCS29JSW5tdFpwRXJxR1BscGFZTDN1UkltNzAxemVtdlBmM3hLQ0FR?oc=5
"The education system has changed, but nature is still the ultimate teacher - NotlLocal.com",NotlLocal.com,"Thu, 28 Nov 2024 19:15:00 GMT",https://news.google.com/rss/articles/CBMitgFBVV95cUxPajAyUHBfSG5oZFdxeXh2My1sWWZXeEhpUUYxVDAtbTN0TG5xUDNmcndlejRiRFV5NUY4NldpMmxQTmlNN1duUk1QM0hldXhPSGxsWnNUQ2JOME1kcTZUX1VqdEJMWWF1bVpacVc3RWpBd3A0QWpfeGdxOHZmSVNxYXhRaDBHYjNKZGpManZLN0ZuT0VjUmQ2bzR2QXRadUlPRXhnS3NvR1hFUjF6YlFYVmV1MFZkdw?oc=5
"Brody, ECU Health celebrate Center for Medical Education Building groundbreaking - ECU Health",ECU Health,"Wed, 27 Nov 2024 19:17:16 GMT",https://news.google.com/rss/articles/CBMiqgFBVV95cUxPZHhRY3pMSTJQS2JtV0NGRWlOZk85b0tIUXU5Mno3VE1yMmwzTmp6R1puWnhUdVF3OXJWY3VhLVdUZ29FM2hKV3dtb2d5UDlrNEt3UVA3aW40YjZNRW9BSGFxQ2FmelFNeUswaTBVUWw2UEdZS0FHSEtpem00Y3JsblU4Mk5TVnlEMXViYTl3MnB0WXJkQ2dYYW43ZmJLMm9WMHNyd0FzS2JqUQ?oc=5
Special education students learn real world skills - WLNE-TV (ABC6),WLNE-TV (ABC6),"Thu, 28 Nov 2024 21:34:04 GMT",https://news.google.com/rss/articles/CBMifEFVX3lxTE51RnBsMmFycXhsX3V4MlZZclRmemJkUjcwMS1aX3BJTHNPSmQwdkFESjIxaTMzel9qMUNTNWJyTHh2S0JpeXcxZExEc3Eza2M0RERXcWdIWHBFZlpLeHNDcFJ1QW12MTFyUTZPQktMSFd1UVZRRjExa0xSOEg?oc=5
What Would Happen if the Education Department Were Shut Down? - Teen Vogue,Teen Vogue,"Wed, 27 Nov 2024 15:00:00 GMT",https://news.google.com/rss/articles/CBMihwFBVV95cUxORzR5bzdvMDlfVnJITTl1QTIzcDRFSjZGTS1ncjlzLUhZNjFfOXpVOXNTaU5qR1lPTUpibGFQazhDbHd2b3VSMm1qcXQzTGFHaWdOTTI0V2ZCVmZCejIxWjExSjcyVk1yRzY1MmRHVXJJb19QT1p5OFVhZnBPNXVEM1lRUlVmblk?oc=5
Lebanon's education crisis deepens amid war and economic collapse - The Jerusalem Post,The Jerusalem Post,"Thu, 28 Nov 2024 12:55:34 GMT",https://news.google.com/rss/articles/CBMiXEFVX3lxTFAwM1FWNkxfcTloR2FSTVlUOUxsZnptam00aVRIUktuUlR2bHZaWWNKZWlJR1ExOEpiTmg5cWtHNXZYMFk5Ml9GU2JxOVRKaE5VVGYtSEU4RWVEa3M4?oc=5
Blommel named to University of Utah Dean’s List - Oregon Observer,Oregon Observer,"Thu, 28 Nov 2024 17:43:00 GMT",https://news.google.com/rss/articles/CBMi2wFBVV95cUxPTTAyUGxMVXBIWVQ5OGQtcHBFVUFDUkJkRUtyU19oc0JtZWNIbXNXT0VjYmlVdGlTLUJpU2w3UlREM1lyaDJmcXVSUDZhclNaOWtlZm82WUl0SWE1akFaZ0Q2WWZsT2F0T1NSZUxXRHUzQ0VoSmdHeFU5bG0yS2s3cUQ2UVh5MGNSdlBIN09MUVZvUEk0YkMwOFV1Z3E3OXlLaE9qWEE5QWttR1ptSnRsWDNjX3ZTN0FzUlFPcHJMQ0VTeWtjdUpJMHp2U25DTlV6UW5GcmpwMFBtbVU?oc=5
House Bill 1456 aims to investigate complaints from parents and improve oversight - The Dallas Express,The Dallas Express,"Thu, 28 Nov 2024 19:45:49 GMT",https://news.google.com/rss/articles/CBMizgFBVV95cUxPZE4tbHhBMTNrSV9QdnlROFkwdTcycUVVcmJYSTdUMV9xaHgwbUF6ME5MSXg4Q1ZnUlo2OE5LREZXR1pBdHVKdmpsa29QeGpBbDJQOFNlb01tVnJOV3VsdVMtMTdNNEhVd3dhOHpxNG5RejZBVjR4amxvRUF3dVRkZUtCQUthcFAySVRhQk5vVHhTY0tqZk5lVGFudGVnQVdNZEpEZVZxdFROeFVmSmRyYWhsTjIzLUVyTkFhaXJ6VWRKX2dGQVB1OWk3XzBXdw?oc=5
Weekly Education - POLITICO,POLITICO,"Mon, 25 Nov 2024 15:43:49 GMT",https://news.google.com/rss/articles/CBMiY0FVX3lxTE5BT0hMU3JORU9HVlhjdzVtOHpPdDJ5c3FzWkNkd09mQk0teXRaSFZwUkNybWNVajIyeXFnWGdoVXZNUjhra3R4OXhici1lU2lzVjhucWJCNWxYdGl3Q2lNcDVoRQ?oc=5
McMahon would oversee student safety — but advocates worry about her own misconduct allegations - The 19th*,The 19th*,"Mon, 25 Nov 2024 18:33:45 GMT",https://news.google.com/rss/articles/CBMimgFBVV95cUxNQ2hfcThGMmFQWC1vTWNzZVpOZEZNNFJlOFRvNHNGLWxtX2JQR1BjT1BwenFIeG5IQUR3RFhUUWJzWE5wWmFCRWliZjkwS0xnTzlXbWl6eGpyWFRvNEVRVjZlUURfSm9MUVdKVzdLTk1CMlVuMGFxbzZZX0pYOExMWk5Id3p6Yk0ybGd4Q1k1TVFMb21OVEg0RWxB?oc=5
Preschool education aids allophone children in language development - Medical Xpress,Medical Xpress,"Thu, 28 Nov 2024 15:44:13 GMT",https://news.google.com/rss/articles/CBMijwFBVV95cUxOSWtsNThFY01WN2ZNbDZRZDRvcS1ocUFINDd5eUM1emo0akdjVDd5Z3dqZk0yTWprSnE4ZWRGcXE1MlFTcC1DbjJndjlDZmI4ZUJtQ2dWZzJqSFhJU05sSHN4bHl2X0lPTkg3QzVqZ1FvZk1IMm83NEJPeUNWWW5QOTFSVUQwcTVacUtDVVVPOA?oc=5
Audit flags ‘serious issues’ at Early Education Department - Lowell Sun,Lowell Sun,"Thu, 28 Nov 2024 16:41:37 GMT",https://news.google.com/rss/articles/CBMimgFBVV95cUxQejdZYkQtaEpOWmFQSlhLenFka0dkRTlsMjFzX1l3TXVpeHYtN0J6OE1RblJ0WUViRWtHdlVwRFF4WFZFajBBZmhqQnpYR2U1U2Z5b3lmMG9neHNnSG5yTUM0eGRHOXU1VjJxenh4dExBdl81TElLSDU5MjVoRUhzZFVfSHlLVm1RLTZfUTdvclhBZ3FISDBWRHd30gGfAUFVX3lxTE8xbEh4MXB5ZWN0UHZJT2JLVU55dWEzSGhEcXFUb0dKZ1NqVllsNW9JSjVrWHRnTE41ZHlQMmtRVUVsRVlzVENTU1FPQWtWVm5WV2Q3U2s4Ym9QY0NRZGV6aTZNQmFUNHgxVjBrR0xiMDlxRTI5dU5sUll1ODZYUlN4SmJKMU5faWFhZ3VGSWo3NjdUWU4wS25sajZOYW9CYw?oc=5
County adult education sees growing success - The County,The County,"Thu, 28 Nov 2024 15:00:00 GMT",https://news.google.com/rss/articles/CBMijAFBVV95cUxNOXEyc1RvYTdYTE5fS05UWlFYanozbjVTUm9VT0FBb2xoSUZVLUxUb3NsZzN0bWJDaEY4T19ZVmhGcURPMEZFMmZqV2p1NHh0SnN1eVRCN1JkRnhMdzRnOGVYcjNpTUZKbkFSTy1vUU5tb3JuSlhDVzIycGRtMFRlbExTS1FFRHdPQlZLRg?oc=5
EDUCATION: Survey shows MBUSD students feel a sense of belonging to their schools - Easy Reader,Easy Reader,"Thu, 28 Nov 2024 20:01:30 GMT",https://news.google.com/rss/articles/CBMirAFBVV95cUxNQ0Zja1hmTTBtcWNlWU5ha2RzenA3bjJwR0VHbUxmU2Q3eExzMDZiR2s2cE5abXdFT2FmNzZZTTRuV0s4ZXpjMlRXMllpZ3pUU1NfSkpDQTB3bTUzU0NaMks5bGlrVFNUMW1QNXJONWNpLWt4WVM1OXdYcndGNl9maWd6a3NZbjFsdFVEejVDM2ZBaTFFSTVKVklpM1VUaXFtaWhrV3c2MEdydWU1?oc=5
DUOL: 3 Online Education Platforms Scaling Rapidly - StockNews.com,StockNews.com,"Thu, 28 Nov 2024 15:11:18 GMT",https://news.google.com/rss/articles/CBMilwFBVV95cUxNNmVBdU15SHM1c1BqRE40aDZULU5hTEhzbHEtMDg0TUhHTGtPbnItdWRPSFQ4b256VkdJRmM4akpqQmpjQS1PbTcyYk5DVWcyeEthYmpDX1JFd2kwSTJsalZnOTZDX294M1pjZkk1STl4dzV4NUYwaDRaNWo1TzBpUWpsTUZOVVhkOUd1UWZ2UFBabTBIX1dZ?oc=5
Pures College Featured for Leading the Integration of Arts into STEM Education - AccessWire,AccessWire,"Thu, 28 Nov 2024 17:33:43 GMT",https://news.google.com/rss/articles/CBMisgFBVV95cUxNMWZkRmdJN0RHX2N6dm5tMDU5Q2lFcS0zU3JLTmhRd09zUXM4SEdoazJTZFR1Q3gxdUx3dG5uOU9FQmJfaEkxRFRINEowMnd5aXQ5a3RMamYxVDVZejVEdU9SZzNxbWwtbnZLVHZCRTE4NmVaMVdiUW9RdldGWHpvRURoMnFjc3VGdkZ4QnlxdUpNOW5tV2I0bVVHVFVRRFZYeVlSa09iUnNFRXYwWkdXdE5B?oc=5
Randi Weingarten claims teacher union members are indifferent about Department of Education being abolished - Fox News,Fox News,"Thu, 28 Nov 2024 00:00:00 GMT",https://news.google.com/rss/articles/CBMiygFBVV95cUxOUEl0Z05SUmVKRGFmeFlFRHRlV1hCeUM0QWQ4dUo2SE5lOE1OX01pZEhEOU9RMGE1WmNzSk9OZ21RSEw4b2czUVFqTmlTMHlTbTF2Z0tsM3J1ODhoYTV4eks4QVNGNmd1emZIczRsTVVmWk85N2pCdUd3NEN0QmhxZmt1MC1hTm11MlFuRmxkQnpYa29RcGMtTFdmZlZjWmlkcVpDemFha1BEWWlDdTFBMHlUeGVwZnBLTEZQenJQUVo4THdhYmVxQ3pR0gHPAUFVX3lxTFBQWVF2UnhJVThKOWtFXzhySU01OTFwQ0o2dFFmbWEzaFpHUHlSUUtjSUZFbm1NbmdjVWM3bVJtSG9zaEhKOW9wbmVsY19JdkxhZ0FwdmtBRWlUdmNMMVVBbVBONTRmcXZ0NVI0dFlzdW1UVGVTcEpYaXRqeFR0UFBQeEJ6THUzM3ZRSExXNm43OGE0Z3N1R3RMT3l5YWpQTDE2NHV2cFdad3Q1cUhnOHYwSHFWOUV4b18wYTBWeS1yT0Y3NVhuNVltWFJoWklOQQ?oc=5
No DEI. No ‘transgender movement.’ No women’s studies. Trump World wants to ‘reclaim’ universities. - Boston.com,Boston.com,"Thu, 28 Nov 2024 10:00:00 GMT",https://news.google.com/rss/articles/CBMi4AFBVV95cUxNUHlBYTVJZ25NcmRNSFRacVdnemdmYTJwZXJFUjdmbFNQV1ZObllubEZYU29faEpwWTRCZU84M2VfWkRzcTJTUXJIYkxRNEJUd25HRm5qUEpKSkI5Z052X2V3dURUelpXb0l2UDdMRV9GMDhwak11elIzYmREY0VZMVdONWRxeEc4YUtiNW9OTEN1Z0lyMzFNQlpjMUZVbWdvOXNwV3h3NHBOdVZoOFQtYW94WTdqM3dzODRxN2xzdzBrTEM2czhyYnd2ejY5Q0VweGlWUzI4UGJLTFpORGZLNQ?oc=5
AGFC Teacher Leader Council opening doors to conservation education - Arkansas Game and Fish Commission,Arkansas Game and Fish Commission,"Wed, 27 Nov 2024 20:37:18 GMT",https://news.google.com/rss/articles/CBMimgFBVV95cUxPSmhpb3MzQXF2MXBLSzZTTnFCN0VUblRnMnU4cHBlY0V6TW9TXzdwSkpzeFlQTUlqc0ZqaFE3cjh6VkJqUmxYRFVfSWhsVVh2cFJLMm5xVXVxZlFfVHFSRjVobnJaaGxDVnA4N3BxSnpqektjVnJJcGs1SVNWWnBTdmgyNGZfRmhDdmxMN29tMnhwZnNHX3ZGdzFB?oc=5
Education voices | Manal Hdaife on the impact of war on education communities in Lebanon - Education International,Education International,"Thu, 28 Nov 2024 15:29:47 GMT",https://news.google.com/rss/articles/CBMivwFBVV95cUxPd3AtbEpmdnQzZGxGRTZ1ZkMza1FyeUVNejA4YVpnaGUxTzltWHFzcWxiTGROOTUxWGQtMXdmUVFDOHdHVlE1T2RuNGRzSnpwaTBxZWprUGh3aFVmREFLZ05RYjhSbl9vT1gwWDNaUjVtNS1Db01FQlVCR2N0Z3daVWk4MVVLd2lyc0dxTTF6Yno4QVZ6UEMyQXNjZUQ5ZFhCM2FWakU2ZnMyc1pvbUpvel91Z0lxRWhPOWh3ZE5RMA?oc=5
Bunceton celebrates American Education week - Boonville Daily News,Boonville Daily News,"Thu, 28 Nov 2024 15:57:00 GMT",https://news.google.com/rss/articles/CBMihgFBVV95cUxNWGNnYXpieS10OVBwblFaRGV4MXp3VnhwVFZjMUU5TnJ3U0U2SFpWYjJfQTUtclhXT2d1Y3RoVkhvU1NhbEF6dTlxclNxWmxKeDltcmFUQkVYYlBBdE84NDQ5MmJlVndJQi1sYkpLbUNWU092OWNKaXpkU1lyOGdndmxuZW4wZw?oc=5
US universities brace for education policies overhaul under Trump - Al Jazeera English,Al Jazeera English,"Sun, 24 Nov 2024 17:15:00 GMT",https://news.google.com/rss/articles/CBMiqwFBVV95cUxPbUVUeW9Gd3l0Vm12Tmw5ejhfSU43em1yTHVJb3Vvd09GM3N6NTZ4UlloS21SdF9rMmhEVU9PUnZ5VHRwMXd6R1VwTUdjVnhldk1TSUtGMlhmZlJMbV94RlVaSmtxYlQ1NUpuSG5UTFNVSzNqekxwbkRjcXR3eEIxSGcxY2pURGY0VGJveHJrcXZrUTYtQ2FDTTJoVGhjbllrUXY2S3o2NWdMY2vSAbABQVVfeXFMT2ZrS3g5ZHJfX0RHVkJMbm5oaFphcnVENjRpSnlTeVhZQWEwRnp4SVhHS2lYQVpXTE1hREhDOWpEbzlFS1NsLUd5cDBxa1VhRnhxVGwzdHc0aGpiOHNjR25kUDNjMmxDV0EycUtQUUc4WVlLeDVqZGdaUVo3TW1xVzlwYS1PMjNHajZ2TGk4R1ZVOGVOVDNVdE1OblF1ZkkwS1JKWE9NSUctMW1idFFSUWk?oc=5
"Learn about snakes, reptiles, and more at ATLAS Education - KSNT News",KSNT News,"Thu, 28 Nov 2024 16:24:07 GMT",https://news.google.com/rss/articles/CBMijAFBVV95cUxQWXduLVhyajk1ZVl2aHpxb1RQYlc3UWJIay1ySGdkWmpzMENxS3ZDS1dndHY2WVJSNFZ0dkltUzZ3cFVoTjFWcEZHSDlrekZxVlptNmpWVmVPbUNIczdGMG1PQ3l6enZ6TUtFUVJqTXRDdjdDc01rNm13T2Y2eW12b1NSaG5nY1hIQUFQONIBkgFBVV95cUxOTXd6dkM0ZmJZMEdGaEtOaFVENzhqM2t3V2xndXVNcEYxWHBzVGRRT3RybmN4a3NTaUdhdVNOUFJKQjlfZHBDVmhaM0FLZ0hOTnprVzhOUzV0UjAxZVZrNm9MMDNmNTBuVk9wRXkwWV9ObU1GUVlnUy1RV0s5VUdfSWlUR284MERhUUJKdEthQmUxUQ?oc=5
Rodeo Houston education floats roll down the downtown Houston streets - KHOU.com,KHOU.com,"Thu, 28 Nov 2024 16:28:44 GMT",https://news.google.com/rss/articles/CBMi5gFBVV95cUxNLVdfVXRuTWMzbXNOb0czbVdCd1NFV2tjUkR5TEVkQ1RxSDRsc2lfd3hKelRheHc2RHExRmI2bkQ0VG03YVdsaFJnTE5qbFZNd21ZTVVlRUhNVGttWFd3LWNhNHJpVVBRbnhvaGhwcFBvN25uZTNFU1luZ18wQU5RYmVtcEltVG9PMFhCN0Z2b2F0ZXhKMjVObGJhVGlObEs2NlRIS2RMTmtjQTJ4Z29sdlJGOEkzN09UdlBDR0Uwd0VxSzl4Vm5MTzVNMy1nbEZpNnJfNWRvYTR5SFBZYUJLRENKbTdFQQ?oc=5
Hundreds of college courses cut from general education offerings in Florida for Fall 2025 term - FirstCoastNews.com WTLV-WJXX,FirstCoastNews.com WTLV-WJXX,"Tue, 26 Nov 2024 01:51:00 GMT",https://news.google.com/rss/articles/CBMiogJBVV95cUxOelZSNUl4RUdmeGhneHlTRl90c1VDQ3dpN3FDZWNHeC1YT3NjS01ubXJ4ekZqbHFQX0N4UnpLcUxoRHFlNDdCREw3X1QwZEYybDJTWUQ2bDNRVHdZV1otWjdhSW9xLW84dFdOZi02ZkFNaUx4WkpBbFlnTEZ3ZGpKaEhRaUJuRjlHS3lndWZOcjZET3ozdnYxdjZPMnN5TlRqODc2UVlOVE12R0dZcno5X1RqN1dvd0kzN1pvZWN3VklMTXBrUFk1NWFMSDVxU1hEV3Y3TTFhLW9EMWJueHFuX2FKcXdIT0NOQlRCeGtiN3hadTgzb1MyWnZ3aWtUWXFRWnluSVNMQzBKWTZnRUVCTTV4TkphTzE1c3F6WkE3V0FOUQ?oc=5
Education Policy Outlook 2024 - OECD,OECD,"Mon, 25 Nov 2024 07:52:30 GMT",https://news.google.com/rss/articles/CBMiiwFBVV95cUxNZm1ERDhFbzU5M1I4bm0wSkdvYUpEbGQ0bkdWaDZFNS1TdWxJa1hVTFNHc1NMaFpNR1NhWnlVcWpDN0pjb21PU3VXU3JjOWFCVl9tcVJseVF2TkV2UUFXUmp3Y2FyVUx5V3dfVUdPSU9JMnZPdU11aURxRTRSQ3N1QXgtZ3BOYkVkNTZF?oc=5
Top Gun: Noelle Hanson following in family footsteps at Naval Academy - Stoughton Courier Hub,Stoughton Courier Hub,"Thu, 28 Nov 2024 17:17:00 GMT",https://news.google.com/rss/articles/CBMi9gFBVV95cUxPYWlSY3FQV2lZdHVjMHRrMkVnNERMd1UxMVhpS3pOTUI5Z0pDcE0yQng2a2xNU2RJMThlRXp4TE9HYVdzaDdhdnJaX2tOemlSVERsbUJXNkVEZEZFQUp6WEFUdzE0SktDOEczaUEzTXI0WjZNeER4UzZuQnJ1d2R1SDk0NEJyVktFbHdGRG1NOWk1M3VEaFUtbkl1ZGI1Vmk5VFdnbzFWX3gzdDJmeExGM3d2MDNhenRacGRVamtCVUMzcERDRWFRS0t1MTJ3QzRQUzgxMlNCMkxKZy1zWGFCTzhwYlU1c0ljTi00SU5KM3hXMGRlZUE?oc=5
Close Department of Education? Former schools chief Betsy DeVos makes the case. | Opinion - USA TODAY,USA TODAY,"Mon, 25 Nov 2024 09:01:26 GMT",https://news.google.com/rss/articles/CBMitAFBVV95cUxPcnlRRGstMUFtcnZQUlJaMXJ1YXVwX0hDdUZFTDhKTi05a21WcmpyaG5RLXZ6UmVLUlF0VUhUaUd0bGZxaFB0LWRNMmRQbHhTYjNzTDF5WThvcjc1cVVKenZwMTRCZXZ1Nzlab3JWUXRxem9vMU5VMVlaSURYWHBlQjAzeUowc2s1WnQ3cjl3UFZienJkTUQtZHdCcTlnS2pqa0RwRE5PQ2F0ekpDNGNXSHFjbVU?oc=5
"10 Questions with Brenden Thompson | Catholic Education, the Royal Family, and Faith in the West - Word on Fire",Word on Fire,"Tue, 26 Nov 2024 16:59:03 GMT",https://news.google.com/rss/articles/CBMi1wFBVV95cUxQVEw1aEdOS2gxWXhnRE9lZVRmTjU3cDI0UWdtSHpoNnBaSmJqTVBKc0d5dmd2bnc4XzJzcUNHb3ZxcnRzQkNlRnFFSlVqWFRmT19uQ2JscVdVaEI4VFBFOGdQcjNQaVhpV242aG5FZUcwVWYzblE1ZnVFNk4tS19McHNtaHRQNHZQalptYmJfM0l6Vmd4ZDJpbFN3SXByU2QzdG5vNzYxeHo2QWlPTEVEVUc1bnFtazRCQzVZRlhiOTZHdFlOY3BEZm5tUnBQc3lORkM4S2JuWQ?oc=5
Navigating change in higher education - MPR News,MPR News,"Thu, 28 Nov 2024 16:00:00 GMT",https://news.google.com/rss/articles/CBMihwFBVV95cUxPelZXdWdDaGltUXJGZzVZMXZnbEtNY0lhRFBIMm4wU1JvMlN2eVdZVjhSRENkT0tKTEprRHRwRW5YYVFCQXF4aHdUeTJLWFVRMi03S054dzhfa0ZUaWVHVUV3QmtidEYtRkdoRXpWWmFHNFRLZ2hYNFkzeDVEeUJUMHpoemRmQjA?oc=5
Project Management Education Shapes Our Leaders - Cision News,Cision News,"Thu, 28 Nov 2024 18:50:54 GMT",https://news.google.com/rss/articles/CBMimgFBVV95cUxQV0JnRG03dmxFQ2IwTllCbXp0VGdmTzNFTERRMUJLMUpCRW5qVGxOZkpjNm4xRl90UUczaDBqRUliaUZONFhwQk95REpFektaZUtmRkRJWi1fRkJNamlDa1dZWkJWV05nOXNNbnpsV0kzRVFUYUlsWEd6bWo5VFctUXM4RXFpdGZ0OXk1SnB2N2pOY0czQ0xvWFhB?oc=5
An Education in Thanksgiving – Rachel Alexander Cambre - Law & Liberty,Law & Liberty,"Thu, 28 Nov 2024 11:02:03 GMT",https://news.google.com/rss/articles/CBMiYkFVX3lxTE9lcjAwMUVyMUY0VVlnLTRBQmZmZlRNQkw1dGdCaTFGMVRfOEhoZ2dUSkhLOTBHXzNyakVuc281UGF1bUZjX295UlIyQ3ZaMF9VV3NlMDNHMXBlYll6WU5NdGl3?oc=5
MA in Art Education - E-Flux,E-Flux,"Thu, 28 Nov 2024 05:03:02 GMT",https://news.google.com/rss/articles/CBMickFVX3lxTFBEcW9jblRqdldsTWJLbXdkOW8tMk56ZFY0cU94WGE1Y2s1SjlKSllFUWNQdjlNbWpIWkZmNGdfZ29scGNOUEVRLTE3Zm1EUWIzVEotMWZqZGVXOXNQbU1BNUVoX014UXZXUjdic0pJWEZrUQ?oc=5
Mass education was designed to quash critical thinking - EurekAlert,EurekAlert,"Thu, 28 Nov 2024 07:35:47 GMT",https://news.google.com/rss/articles/CBMiXEFVX3lxTE9ZQzUyQWRxclJYdXBOaDYyRm1BQlBFbmdGNG9sV0F1V1N0eW9Jc2JuLWRpR0l5YzI2QjVIZXB4LTBIQVJ2dGxjRzFVWGZxalM2bkRIZU9kTnhKM0p2?oc=5
Farmer education program gives aspiring growers a head start in the field - Your Observer,Your Observer,"Thu, 28 Nov 2024 09:00:00 GMT",https://news.google.com/rss/articles/CBMie0FVX3lxTE8xcXdSRUc4RU4tZ2llMmxlNkFnSDA2OVJLM0ZINS1JZHlSY1dqYjRzVTFsbTA0Ymp0U0NneWg0OFFsNEdpUkJRTnRNRlBwVHU1SlZiaTl0SFhMbm1WQkd0SE5TV3FTUXRNNmZ3dURteFFraFdDc290d3QzYw?oc=5
"Opinion: Recent Pessimism Aside, a College Education Is Transformative for Underserved Youth - Times of San Diego",Times of San Diego,"Thu, 28 Nov 2024 18:00:00 GMT",https://news.google.com/rss/articles/CBMiygFBVV95cUxQOHdwQTUzYXdnTGZUQ19tWFRIWG5taXBHYjhUWlNESHJsY2VPWXhIQUMwNHg1WTdiZEZtcHVzc0NVYUUyYlRReW16Z0d0SHFqTkhYUnVNS0o1RGF3Y3FleC12Y0ZGdmdOSVJaQlpoX0UxdzFyd1ZCVEhVcjkzQlBXaVdWdTcyMkJvcVk4S3pWXzdkb0xoV3lGVzAwZVVuSDVPZzZrNU5saWlsdmZMWlE3dTQwX1JGakVhZXNTakVETmxGdnVYUVFBRzdR?oc=5
Building Leaders Through Education in Carl R. Darnall Army Community Hospital (CRDAMC) - United States Army,United States Army,"Wed, 27 Nov 2024 20:15:18 GMT",https://news.google.com/rss/articles/CBMiuwFBVV95cUxOaFdZT1ZyNHJnMlcxSmZucVZqbHYzU0VPUDBWY0dfQ1FTVW4tLWNnZDJROHpSblk2TWlfNVBDVkd2OGRhX2U3U21GaldiOWhheVUzcktqSks3QlpKUmswZEJlSWJETnZOcWtJcm1FQmNIZGpBLVdKOUFSbWxoOUNSdVNiOFh3YUxSUGdGOHRNMUFzaEg2cG5VUGJYblIzcno0ZmNOVmVXTXpLZFdTeXBzT2RiMWR1THlOOUFF0gHAAUFVX3lxTFBsM1hReENOaWlTUkNtSG5xNzNTOXJ0UFRDY2xaVWlsMUhja1N2aFpQOGhKRTlIU0tNQzBpSVUtRjV5QUdxdVBzN2hSQmRjamhkRjlDa1cwZF96Yi1jRVRSTFNQSW1hWUhHaUxXdWUtd29oQmhzSkFxczV4Nkh4WXA3c2o1RndqbURaSHJucS1LTldtX0M5THA2dUpmcWZnMEltbk9ET2xTMnJlNHAtcW9pSnNWNk9jcGNlbG5PMU1qUg?oc=5
Why can’t the Kansas education system pull off a ‘Mississippi Miracle’? - Kansas Reflector,Kansas Reflector,"Wed, 27 Nov 2024 09:37:22 GMT",https://news.google.com/rss/articles/CBMiqwFBVV95cUxNejVTSEZlajh4Q1hpWHN5ODZ6X1F5Wk5DbHpWWTI1UEoyS3lpbU0tOUpkazhHSnIzZ2JhSWt2RmRjQUlaOVFidklacHdfbzhXSncteklKQ29vSG9YWjMtZVdMa05qeURJUWdTWXZSUUhCSEszNElUVi1ELVVJUGRFOExWNFNYbjhGdUt3S3dzbU1XU0JOMDV2YWZEOFRvdHpwMzQ1VTF2MEg5VUU?oc=5
DEI Corrupts Education Research - City Journal,City Journal,"Mon, 25 Nov 2024 16:35:34 GMT",https://news.google.com/rss/articles/CBMid0FVX3lxTE9yZ3kxX08yWlJnSWtwd2VBZzZvVzhJTTBaSFItcU5PYkxVLXUzQ2JSUVpKelhFTGRnYVlxVE8tLXVHalYydWx6TW93bXFOeVVrc1pQN0pqdmhMVDNTMzdNWm8yUGRtU3BkYmpoZWJXZ0NxUFZmT05J?oc=5
U.S. Department of Education Announces Official Release of 2025–26 FAFSA Form - US Department of Education,US Department of Education,"Thu, 21 Nov 2024 16:46:05 GMT",https://news.google.com/rss/articles/CBMiuwFBVV95cUxOUkhZUVFiRExuZ1QzUjNHei1LVjA2LVpQcHVIaXNlTHB5bzV2dW1lNFlXbDliaTJfR29aLThaVjN5d2ktY2lxZ3MtUUlEeGxXV1VIYWlaYUtWNU5RWXhZYjJrQl9nSS1mQU5fZVd0NERVTU12TTJUYWNSQ2Rla0tkOUdzT280WnNGMW9SMHNlR0tReHJjaHo5UWdsYjFsZ0FJczA4VXFyXzItSmYwRGM5clpYV05iNW1yOFZR?oc=5
"Dr. Adelaide A. Sanford’s 99th Birthday: Celebrating Nearly 100 Years of Black Excellence, Advocacy, and Education - The Source Magazine",The Source Magazine,"Thu, 28 Nov 2024 17:31:10 GMT",https://news.google.com/rss/articles/CBMi2gFBVV95cUxOakl3Nkg1Z0VTTUNweFNNX0t6WTF1QWxQWVJzMVZjUVoyUGVMLXV0SWNzNW5oc1J5ZnBfa012UThpY1Zpck1RYTFEcnBleUNwU3dfQk53bFlpNWF4Nzh4cnZmSDZZam5hVTZKOUp4TktodGNEVzVsaFFHWW05MXhfYzNjYjg2VVE5SU1CN1l3eHVqWlIwQjhKZkx1cWp2RGVkWWZSUU16dEdrMHRhYnZ4X1pnRzFiY1I3ZVZNSlhGWlAwTWMzOEZhbkxjamNWanEyekhmdF9HdXJfdw?oc=5
Japan grants Ukraine $235 million for education and entrepreneurship projects - Euromaidan Press,Euromaidan Press,"Thu, 28 Nov 2024 19:07:14 GMT",https://news.google.com/rss/articles/CBMitwFBVV95cUxOdjA2VWR6cU8zVVY3cG1yTFUtbUJ2TjVYWkxZSUZTZXNwcl92TUMtcGJvNlNnc21Nc3NNV1BsU2dhTXUwdzVoNTJWXzJ4amlidEJPM1NBeTk2czVYY0kzaXZHVG5rTE92TlRMcGo1Y3Z4dm1KSDdrMVJLUUp3dlo0aTFicVR6YmJSWnhsTU5mWkJGbW9nVGY3SmVJYlJNWF9OblB2WlR2SUxrVGVBZDhpcTdlMDk5YkE?oc=5
Affirmative action slow to take hold in Brazil’s graduate science education - Nature.com,Nature.com,"Tue, 26 Nov 2024 09:10:31 GMT",https://news.google.com/rss/articles/CBMiX0FVX3lxTE9MY0ZuOWJ0TFJtYmg5UnJwZTlKaVRMcTVsblM0MFZDZHd4TFJTcEo1TDh0MmVIcWFvaVpkN2Y1WVA5S0Nqc0MxNlVQTGZUdFlVM2xSdmQxazc4aC1yOHpv?oc=5
"As traditional “Anglo” international education destinations falter, Asia-Pacific countries look closer to home - The Interpreter",The Interpreter,"Thu, 28 Nov 2024 16:04:44 GMT",https://news.google.com/rss/articles/CBMivAFBVV95cUxOSVVSamNxRjJVdVlhVGVicXlWajl3d2JEMUFMVFFyNVZ2TjNkRDJ1blFBa0pKbjJxQ2F1QWU2V0xtcFdGTWVhbnFvbV9od2gxSXdVWUJISkx1X1B4Q2lacUhQQW5KZVhucGh2aWltQ1VoaEhoWDV0SkhkdWpHTW9uXzQzbUczMC1FektMU0J3bWtvb3BON1NyeUYtQXZ4NjUxS0FlU1AxOHkyYXZfSVVEU0RiVDlOa0JoMHZGLQ?oc=5
"No MAGA Mandate on Public Education as Voters Reject Vouchers, Culture Wars - The 74",The 74,"Mon, 25 Nov 2024 15:30:00 GMT",https://news.google.com/rss/articles/CBMisgFBVV95cUxOUGJYV0pxWWEyWHRwdkxvSVN1bjh0blA5ZGdhX01wVW9VMmhCb1hmSEdLUkRSV3pHUVRDdUthWFB4Q3REbnMtSGpoLS04dzE4Rktlbng0RmpIUEc1WGN3MVg4alFZZU9kdnpVVlpHNUF5TndiUlJyTXM3T3ViUWxEbERSQ0N0T0xMZVlVQUwtbExVZzlpYzRsZ2tybzYweTluMHdKMWRVdlBfVl9WWnl0SnRR?oc=5
Glynn County Board of Education member accused in money scheme: indictment - WSAV-TV,WSAV-TV,"Mon, 25 Nov 2024 20:40:52 GMT",https://news.google.com/rss/articles/CBMirAFBVV95cUxNMUZ2UEdPTm14Yzl0ODhPSG1ENXNwSThlc09KU2M1d3N3UUdLZS1LYTVtY3J4TlIwcnpEZkVKbWNUaXhNTjdXSnpUalVCdlIzM1NZUExrRGc3MXdRRHA0RnFMeldoamJ0MmI4T19WemhJSnp3N2xEeHp6UkxzMmdsVnpCanV3SlA5M3JReWdidEVERFhQOVpnQVplQWFPaEJZcjg2S3BBT3hKaFFK0gGyAUFVX3lxTE40clJHMkxyazNNSHhxNUotWHFRUXBBLVdWU1RKNEdCRmhSZTRyczhxVS1wVGdXWGJlaTMtUnlvaHphR21SeG9jQ21GeGt1aUlicllYUXV3MjQ4b0dFakFiaWNRNGs0UjZJdXg5dE1BUGk4QkZ0S3Yxd1g5NW9fbEtYVUxodExFa3JKZk8tRUxHTUx2cmh1MmZ4VThHWm5VbVp6anBiZmFYdDhUYVdIRVpXQUE?oc=5
How might Trump’s vow to abolish the U.S. Department of Education impact Colorado schools? - The Colorado Sun,The Colorado Sun,"Tue, 26 Nov 2024 11:05:00 GMT",https://news.google.com/rss/articles/CBMilAFBVV95cUxPYV9PX28xXzYxZW5USnhfN1dTaGV3c05JckJWYThqbHFyUlhRYW41enNzS3BXdXRBay1EUk1UZVZNbl9jMGZRRjFyakFDY0dKVjd5N2VVa3lYaXBwcmFLNTd6eXdQTEN5aWxWTEx5LXNzODJHd2RSS0k0elRJcXNiYlJHQkJvNFBibEt3VURQal9zelNm?oc=5
Closer Look: One-on-one with Secretary of Education as his department faces erasure - WHP Harrisburg,WHP Harrisburg,"Thu, 28 Nov 2024 05:03:52 GMT",https://news.google.com/rss/articles/CBMikwFBVV95cUxNTndPUG9VUHJ3ekNtZ2dTMlNJZS1wcG9yRGpSNm1zcXZFbDhlWW5rQm1TaS0wWVJOeEFFc3pJSW9nTV9Hcm11enJQQUpDUFREeGQ3d0txTk03WnY4dDl4SE94S1pGU2c4bHM0VXRVWEVMbVNTRURXbU9zUENYdWVyVFhLUUN0ZFJlOEhGeWFaM3E2QnPSAZMBQVVfeXFMUFZJejB0aEZnQlFQa3h0MllzcDViOUxORWNuT1lvM0NheGJjUk41THdQVm5DaDNFdlFHS1Y5cHFSd213dzRaX01ldVhUUDQxaXQwVWJDVHoyZTJ0ZVBXN1FoWkk3bGtTMUtKRDRDX0lMc1VsTFJSQkZiX2dTX0lEOG9DV0JObzRQRHNHY1pxR0dDS0lV?oc=5
Iowa Republicans form House higher education committee for ‘long overdue’ review - Higher Ed Dive,Higher Ed Dive,"Tue, 26 Nov 2024 01:52:30 GMT",https://news.google.com/rss/articles/CBMiwwFBVV95cUxQMFp0aV85S1IzNkdtSlViTzZtYWEzei1HY0JXV2xGWWxySmlleUZpME50NXB1LXRzNWpYLWFZbnh2OGtkeUNrcUxidVk5Y00wTTlzTjl6SnFPQWtPVndNNU5ocGFvQkRDVG9FM0Nfd0FvRkRIb2JndnppdFFpNGF0cmFySFdhWFZvY2ZRTVYtS0VTaFdROGp4R095WFQ2d1RlVkRZenZ5M21ibjhtZWVzcEliSklXam0ySjFTZm9HUVYwbUE?oc=5
"No, Culturally Responsive Education Is Not a Synonym for CRT (Opinion) - Education Week",Education Week,"Tue, 26 Nov 2024 07:49:03 GMT",https://news.google.com/rss/articles/CBMirgFBVV95cUxNVUVZbFlFN3JsZWo2eXhzZHdCQVJpYU0yYmpuWHg0dXJ5WHFvSTdGQnRWZGx1VzFyQm5KUEVCNDJlNnJmNDVydkpCYnhPV3hRSVVZS2xrNkU1U3dlSWRDNGdJc29TdnNhajAyX01DTUdmX1R5eTdtMWw1M254SDd6OExDUFprSDdUVHU0UVQydEVPNzhFdHI0OW9MU0JmaC1aLWdiblRpeFdiTDhQN3c?oc=5
"St. Helens High principal arraigned on indictment, barred from any educational work as she awaits trial - OregonLive",OregonLive,"Thu, 28 Nov 2024 18:09:00 GMT",https://news.google.com/rss/articles/CBMi4AFBVV95cUxNcEN5YlI5dU1tWDQ4RW8yTE91RjdTVlBtMGZpeXloWXhkOVZ2cDNKelFWclhFcE9vQ0dYNmxMMXlpX1B2SHpXcV9TcDQ5b3M3S2c3MFpvMkFGSm9QV1J5eHlNck4yQk9hUXVTSTFWQnVidEpIblRHd0wzOVlFYjYtVlVkSmt4czhHdzVMUTQtRmZNQVpBLVN2c2JxSnFuRm5Xa0YwMFYzTlZHMlo3ZU53aUFTQzBaQ2cyMmRLNnJGS2ZPQWs5dE9fSmtqd0tPTlhtU05LdFh5eFRKX0d2SDFYS9IB9AFBVV95cUxNaFZsUVZiVmJLTFB6TEl5UVVRV0QzNEJ6MHN1ZGI3ZmNyZTZLOVd0OEZ1UDQ1X0JzTHMza3lWYkxnX3lvTXptQVl6UFZJYlQxVUxGM2QyMUMtMjRzVWxfT0MteUJJbGF0bkVSdVRock96OGZtSGZ6akhhZHlWV25nZTFJVXlLTzNSaktQRmlfWU9uYjV2OGZ6ZlVPQkxpQjNPSWlPd1VUTGlGTURURmpxTzBJU0gzOEhBSWVISmhadnNZQ0hfQjRNQW11UFFBaW8wd2V3NVQ3a0dYaTQ2ODRsNjNkQWdFYjhCRWFsaXItYUtXNlJz?oc=5
Why the Founder of an AI Education Startup Is Now Accused of Fraud - Inc.,Inc.,"Wed, 27 Nov 2024 20:37:39 GMT",https://news.google.com/rss/articles/CBMipAFBVV95cUxQQTkzVXRZejZlcnJianhWN3F3S0ZISWpZcWpfLTVrVjRfRjkxb3o3MXpwWHpZejRZei1SWGRxNUJmU2J3LTZXaHdOeUxSOVhLdUZjdXpjQWxNUmdEMFZTQ0pMclgxRHFydWlpT0hXeFRUS1d4dkpwV2dFQXdlTTZ4QzNjMWVkYm51LXozMEd1NUtmLVJmdWlsWjFmWkxhcGlRTGJScA?oc=5
Christian nationalists backed by Trump's GOP want to reshape public education - MSNBC,MSNBC,"Mon, 25 Nov 2024 20:37:56 GMT",https://news.google.com/rss/articles/CBMiqwFBVV95cUxOenp2dDVqQVIyT2pUenFKeXdGcU5SNmhGeEJhc0lwWjRIR0xiYTdMMUZUR2drQWszUGx0Vl9JN3lIaFlhOGd6dndWTFdudXhsOG1HR1o0Ym1zZUg2dG1kMmRhczRVWFZaZ010Y2hENHpFMzNuVENfalZmb1BGSkRVSDkzNllodlRzZlczTmM0ZjlkLWg5Y3VNYUwwUzU1eG5NeEY0aVI0ejh5eEnSAXNBVV95cUxQem5fLVNCY0FrM1JoYUctZ01GSVJDOGVfT3Z4VGVvYVd3QmNadVBteDRqV08yZTJCelNybU1JQXd4S2gyUmN5QVQtbV9BLW1GekdGZlBXS1V0TDRGZ2hPV19fdjhrVUxBM0VVbHZ2eU5WcXdv?oc=5
'We have lost a generation': Lebanon's education crisis - Context,Context,"Thu, 28 Nov 2024 11:09:11 GMT",https://news.google.com/rss/articles/CBMiogFBVV95cUxNR2tBTENVbTBUb2VIZUdaUEl4d283aW1RTF9yNmx6UUZHMEVwMzE2V2F3bmUxUVgxei14WUxfTW1pM0FjSERwSEhCZXF1MTFOU2ljUEVMeW4wZmR6R1lPZnp5OGFkc25LNWtxM1BkNHNYYUs1U2x1YU9ISzFZdnZnck4wRzJsaVotb1VUcG9jSnFQdEEwZjFIeUdPWFRzcDVNOXc?oc=5
Coping with the Silence of My Friends - Diverse: Issues in Higher Education,Diverse: Issues in Higher Education,"Mon, 25 Nov 2024 22:05:34 GMT",https://news.google.com/rss/articles/CBMimwFBVV95cUxQbWhMYTVfZk5mMGxMa2dnTnM2QjZ3TVRGOXZTaXVsajdJZGZVcmdGd1N6R2swa0l6SEpCaExxVTNHeWlTdUxDQ1JJUGJLOExBVGlGVjhMYXZpZXVLSWduRXdyZ0o2REt5NzJtN29XS2txRE1EUHBUbU5faC1MZUN4U0ItZXNSejBmZ09HZ3hOc3p6UDlTQ2NaU0ZvNA?oc=5
The Future of Hybrid Learning: Balancing Online and In-Person Education - BBN Times,BBN Times,"Thu, 28 Nov 2024 09:45:12 GMT",https://news.google.com/rss/articles/CBMipgFBVV95cUxOcURSSXVGWDVsT2Noa0EtV05UWUVkcWl0dXFZU0JBMngxYno2TjdPbTZXZ2hRcUYydDdSeGtzZ05xODUtUXZWOFVwWFpRNENzYmJNeXU3M3cxNWhyMWU5WGcwdUswRUxfdDl4ZXhXYTRRVlgwUlVvMmZxejNIaGlJeXl4aTNzbFkwMmtaOTQwQXhwaElsTTlXV204anYydDhNMHFiOGp30gGrAUFVX3lxTE1vU2FlcmtOMDFLUlVHa2xrWmNxT2lJbkNmbVltcWFBQmN3cm91WnppLTZYX1FTcUVzYlVJNXhZeHZmNmJnX3gtYkxOUWk4dEQxdTJfbU14WmRhMFk2QklkMVRYblRvODBuX3YyeWJyRHNnMnRQMG90cEZFcF9fWmlaa1lobFBtdWw0VTNFZDZuckpqMXdxaUI4LXhGOWhNSnA0c3d3TFhxdVhQSQ?oc=5
"Illinois Education Association continues to lose members, underfund Job No. 1 - Illinois Policy",Illinois Policy,"Tue, 26 Nov 2024 14:39:30 GMT",https://news.google.com/rss/articles/CBMiqwFBVV95cUxNQnJIMGFVRjFrdGg1Z2dqaHlJZWVRQnNmMjl3Y19yVlFxR1RwQ3pNQ0xlV2Q3bUM4UkJ4dFJGVUdFc2NPVHJ0R091Sjk3aGhIMTR1RUNJZGM0Y0NQbEg2X3pHQ0c4UmtVVVdUdGNlTDV0WDJvTl9QOWR3S0JGNnJtUkpzSS1SNnVJa3NUZmdETXl6Z1BlOERnMnhDX2EyMkdPbHlkWDZlbmQ1b3M?oc=5
Eliminating DoEd could impact the state’s elementary and secondary education funding - Magnolia Tribune,Magnolia Tribune,"Wed, 27 Nov 2024 13:17:58 GMT",https://news.google.com/rss/articles/CBMiTkFVX3lxTE9Zek4yblkxUEJjSkcyLXpfVHJpdldCYXM1X0piem9qOTFpYVFWZkhMWFlzcVdkaGJBeGlKQUQ2X044THA4LXRGR3JTdXJkZw?oc=5
Elon education students showcase innovative math lesson ideas at annual conference - Today at Elon,Today at Elon,"Wed, 27 Nov 2024 19:26:43 GMT",https://news.google.com/rss/articles/CBMivwFBVV95cUxNOHR2Xy12TDlWRUxkbmhITDlLRkpSdWoyYmJWaHo4cktZQU9oSFpPSllvRDVhSlFDMHo4TFlLd25KZkhra19pc1NQTEtZdUVnSURScnpFMWdPQ01PZy03ZFRtUC1teUJ0aWllQ0xIUG9rWHE5LXZIa25LVi0xUWtyOTN6OXpXRjFLNmEzSXRPZmxOcHFFdTY3d2xsRl83Smg5NENDUDFJbVh5emxBRTVKOW9tRVNlVUtRSnZNZGNzOA?oc=5
"State recognizes WCS, FSD Reward Schools - williamsonherald.com",williamsonherald.com,"Thu, 28 Nov 2024 15:16:06 GMT",https://news.google.com/rss/articles/CBMi2AFBVV95cUxPRzI2QUtwTkhqT0VuRFFNSUVYcW5KRGVrVzJ5UVNzMmRtZVVkS1ZwNkZUR3d5R0otS1hrZzJJUS1CdS0tUGNQT1hhZmhUeGFQcGoxVF9ZT2k5UjREclFad3kxclA5a1c1M1k5aWdWSWw1MGVOZ1JXUkJ6d1FIWS1McWxmaFNFSVl4LXJWSzRMaWF4WTY0OGNRRlR5UExKN1JkWE9aOWRnUTFMNUUxQWg3QWhKTGIzMTJTQ0hXVEhQOF9reS0yS3Y2Zk5qQkZqNE1BZTlkZzY2bHE?oc=5
Pennsylvania's Education Secretary Khalid Mumin is stepping down - Chalkbeat,Chalkbeat,"Fri, 22 Nov 2024 20:33:00 GMT",https://news.google.com/rss/articles/CBMiswFBVV95cUxOMWJrM09hSWt4UEJib1RTTFJsaVNISXo3VkIwNWNUaEpONnVXd24xMnZrT2hVb1ZqbGZ2dkZ1N2liQVBGWDZEMnJjMklmOVY2TEhTd3BaUENoN05wQ0FFdzFPUlJ4a1hDSkpWY1hGLTJNUjdlZG5UUVRkLUczamsxclVOVG1YdmNPdERwY0VlM0Q5V1hhS25QemFzR2dDalhIdWxVaEwzU3Brc2RRd1M3RzJlOA?oc=5
Redmond Senior Center brings education to Alzheimer’s Awareness Month - Redmond Spokesman,Redmond Spokesman,"Thu, 28 Nov 2024 09:00:00 GMT",https://news.google.com/rss/articles/CBMi8wFBVV95cUxOVk5UQWhfYjJRU3NCNlpRa3E5ekIzM0JpN0dTaHYyUmQxM2ttYTMwMDRSaDhZXy1iVzl2aFU3LURIT2ZPM2doNmp2bjRKMXM1R0NGVUltRDFfQ1FENS1uU0lzYW4yam1uX0xyamJ1cWlUWkV1X3ZQRU1ZUXFyNlBiTEZMZ1BmcnA3WmQ5My1NbGJOdkdDOFZzd2hUR2p3N2VEUmZoMVp4d0xXT3VMXzZlTFZLdURzMW92MmxSWkVHSG5MRWxMdVR2emJSZ2llS2Jnd3pob2tablM5ZFAzZkFzMFJvZFlXd21kejNLSEcxY2gyeGM?oc=5
Washington agencies help students continue their education - Northwest Public Broadcasting,Northwest Public Broadcasting,"Wed, 27 Nov 2024 22:56:24 GMT",https://news.google.com/rss/articles/CBMilgFBVV95cUxNdHVIczZOTU1kYzZjZjVKUVhDNmNUNlV3UzRJQ1B1Ymw2SUhLalFZNlZ1R3BiN0ZMY1JaN21ONjMwM0drLVFfVDdQbzRSSEwzSmJjTHdyaGc2U2M3UFZhT3FNbjQtb1JZUTFWR29rbVdWd0w5NnFlZV9LM3I2cncxSXNfQk1VdVBoZDdLV3RLT0FmQkxyanc?oc=5
Danny De Gracia: We Have To Protect Public Education - Honolulu Civil Beat,Honolulu Civil Beat,"Tue, 26 Nov 2024 08:00:00 GMT",https://news.google.com/rss/articles/CBMijwFBVV95cUxNV0NvOFo1WmcwSFdqdVhHMWpoeS1WVzB6d3JXNkQ1WDdGSlJZSWh6aUFFM05OcC1HZUdVWlQ3NGluYVI0RFNDeXRNQXRSMzBiNFJSbUxGNF95aVdtZzJaeWpWd3REMUk4SXRtam1XYmY3R2c1LXY4SkV1WVdJdjRUN3owWDZvUWc4SEtoMy04cw?oc=5
Newark Arts and Education District to Launch 'Downtown Newark for the Holidays' on Saturday - New Jersey Stage,New Jersey Stage,"Thu, 28 Nov 2024 15:01:45 GMT",https://news.google.com/rss/articles/CBMi8wFBVV95cUxPbGtTM015NFdOalBBX052cHpycHFuVzd1REJoTFdTb2w0NUZOX1l2LV9aQjBvM3BjMTVkZFVNVFhqOXZ6NmU5c0R5Qm44dENWX2hfeGNZWjhXeFplRm1tN3VQV3NzSy0tYjlGeFgtdkdNWklraDBiSHljS010YzRmMW8tUWFldS04VVVxdnVFVUNaRHlwcDZxeGp2Q3V1UVRKc1RkaDJEWWtMYjZqM0NiNWNqRy1WU1NYcjBUSm8tNWk4ekVVaXpjSmNlWElFa3RHclQ3d05vVDRRUU9DXy1WOTVGVEx6OTdheHd0c0h5N2RTYUE?oc=5
Cameroon Education Cluster North West & South West Updates (October 2024) - ReliefWeb,ReliefWeb,"Thu, 28 Nov 2024 13:04:20 GMT",https://news.google.com/rss/articles/CBMiqwFBVV95cUxQNWZ0NGdSUlN4em5Ocm1TZmlqZEJlZllpcEtSTk1kcHBOZUFxOFZFMzlvT09vMzE4OUtjYlJVdUdvbTdLN25mVGx4YmtlY3VRSHJxeWhnRXBxbDFXb0tSMjg0cVJfeUV6YnZXdFAyOW92S1BPOWNCREpzWWdTSXBpMFNlNFNJNDMteXN3aTFkWDNwT2c5azVWS0NjNFYtYTFuUF92akJLVXV6Y1U?oc=5
Michigan Senate Democrats introduce cultural education bills - WEMU,WEMU,"Thu, 28 Nov 2024 10:39:00 GMT",https://news.google.com/rss/articles/CBMiqgFBVV95cUxONXhJM1lxbjQ5NFFrUWtwbUUtN0pvamk4MXN0VV9YdFl2QVdlYldmUDU2NHdvMllCSkJvTFoweUdJZ1I1aURQMm5Vb1VwdjRDLWhtOXVVWHdNeFNzUkxMTElKQ3NsVVIxVFFrc2pxUkY4YjFJNVlJVFh5eVBqaThySnNtMVd0UEpsU3lZazhYbTlRZU9FQnZkWmRMZktzb2ZlanVManh2S3RWdw?oc=5
Howell Management Services (HMS): Empowering International Students Through Global Education Partnerships - EIN News,EIN News,"Thu, 28 Nov 2024 17:03:00 GMT",https://news.google.com/rss/articles/CBMi3AFBVV95cUxOVnU1WmhLT21VTU5XQWd5TVNxajFjWFFJWV9STURBUzVvYzQwdHVBVXRqYXJ3ZUQ5T1duOGR3c0g1WTRrNVMxQ0lwYVFBSDlnRW5IMmpIQTNrYXlRYlNUb1U4dUQ1QWZvcjlGT2xrWEQ0eFplOUtXZEgzbzhtQ25SWHFKenp4cTluMGJzX0FFUy0xaHVvMHVqdTBfQ2VQemhIWEphRXBSWVppV1VLM2EwLVJ2NVRURDlIQzJlZzNrRVpqelJFMDdzQTJoODBLalFoa1o5ZFEzYUUwVXJK0gHiAUFVX3lxTFBNRHF1S2ZDaG1KaVVRLTRPUjB0QXh6aHZWamhuWXBxVTZCcmYyellaOTJDV2dvNVM4ZTJ0aTJiRXdBam9ZY0tzMjZGUENXeGpROEdYZk9CSnF4OUltTFFvLWNRdHZFWHVlcFBGa3dkN1JXdGtaUGlQSXk5Q205UjhWOEVmY1BkdnloV0ZXOXUwejkxNnpBZThkVkZKSEVfeUVybmJRMjBzQVI5Rzk5TXBmS2xNemlmZ3g4T2MwbW12emRaWlhIeU0zSEtuS2J2SHFWR05ka3Ftbl9PeXZ4N0lVMmc?oc=5
Michigan Education Trust offering Black Friday deal to help build college savings - Detroit Free Press,Detroit Free Press,"Wed, 27 Nov 2024 19:12:13 GMT",https://news.google.com/rss/articles/CBMiygFBVV95cUxQSDI2V2NxVF9YWTY5WTZkRUU2UkFUMEw5RVVrSDBkYWtvY2czb3F3VFV5WklYd3h3VGVwYWNhcC1iSEtmbHJYVTdfQ0doeGZVbUZ4dHhvN0tCOHdTTUlqS3VkV0t0VzltTllMd0FDUGFVb011MGZqVEVpWVp5X3lPVUI3ZGJmaVV4M1FMTDBQbmt1al9iOUdNd1BhaUZ4cGUtU0N6c0RIWWxybGg5ODFlN1lLajFXSHBreUJpc3hFY3ZzcUNQQm1lZS1n?oc=5
“Global Education 2.0”: the future of international student recruitment in a digital world - The PIE News,The PIE News,"Thu, 28 Nov 2024 11:44:29 GMT",https://news.google.com/rss/articles/CBMisAFBVV95cUxNd2NhWDI4RE04VUxqLS1UM05Kb1c5RmNmVW5xWWVkb2U2UllLcVFyY0ZEazZEYk9PYVhBYVU3aUdPX1AyRE44QXI1emhzMHJLNE5YRk1KVk0xVG5qSkNKYXc2bVN5QS00SUtPRXM5alBycmhYMEI5eXFlR1ptU255blktMHlkRUdMM0ZOdEV0cmRrSDZrVGxFU2lQb2I4Z2I2VWlZMlloS1dZMU9MWVAtdg?oc=5
"Cranford Fund for Educational Excellence Awards $34,000 in Grants for 2024-2025 - TAPinto.net",TAPinto.net,"Thu, 28 Nov 2024 12:00:00 GMT",https://news.google.com/rss/articles/CBMi3gFBVV95cUxNOFRxU3dQdHNzem5UN1dyZXV0cnd4TVRRLVVQSXlRR3Zla2Fpa2Y5OEliRW5XcGRhWlpud1N0VktmUnVmWWNjcWNPbUE4Znpfc2Z4NEtRc09DbEVtYVdCVG9CMHJ4V0hheHNLVHlHOW9UQVRkVTFpczNCVVNVYl9oM2hyb1RPSkhfVDdxTTZzSlBvVU81SjFacTNSQ3VBY2tVQTl1cEVMTFhudGl3Z3ZOcWdXUEdoLVEyaGlXLVJtT1Z2TDJNUVMwQUlFOGJUeGEyNHBITkt1aG5xSVRvVnc?oc=5
Board of Education releases FY '24 SPLOST Schedule Report includes special purpose local option sales tax expenditures for fiscal year - Grice Connect,Grice Connect,"Wed, 27 Nov 2024 20:16:00 GMT",https://news.google.com/rss/articles/CBMijgJBVV95cUxOTE45X3dGMDJFN2poNWctUlNtQ0ppeHRmNjNTd1Y1WUFqQU5BU0puTVdxZGJXQ2NmeDFERXpBZEQ2OUtIRXp0WGMxaHZ5eFNOcXVkM3cwOEd2VlpuNVh5MWY2TjZaaU5fRTNiR2JkajNOZ19DRTluZHozQWJXeHgtbkxIaUxvNEd5cE1IeU91R2dOLUVNcy0yOUc4eGFDVVR0bTVtNlV6THMtYXNZS3dITHhuTzJYR1VocWYxTVRlSG5XNDczSkJNeG4tQS1QbTVzNExZVUtoOU8wS09RTmpyRS1IeV92WUJKblgxM3UwazhKQVhRQ2lEdGxMZDNvUWg1cEdoNE1yWVZPZGVEUnfSAZMCQVVfeXFMT2FCdTIxb0pjOVIzblpFeE1aVHpwa2w4c3ZmMDdLX3B0ZEJYVUpYZC1pMmExSDh0NjVhNzhqUmNZT0JrclAtZEVwSV9YYm12c19BVXdWbTNlZU1sN09RUEdRSUxPa3MyS09LRTBET2FKMTF3WVJzcUpXNFVVVk9ZSklRVmJOVGVSVVh4bzRCaGoyaFp2WjI2WExwOXhFRjY3a2JKczhOV0gxS0tIOGNNcnpmeDJ6am1mMzVxVjE5YTN3dm5oWU1GaS1qMWJFeW5POGtYVFBUWEhkczFFN01JNGlRbjZ1alIxUDhIT0pmb3VQYXgxTVRmOV85TTE4MHRNQy1CdjZ0Q3pvaFFvbUlJR2dEYnc?oc=5
New York education leaders: State not to blame for East Ramapo budget error - Spectrum News,Spectrum News,"Wed, 27 Nov 2024 00:37:00 GMT",https://news.google.com/rss/articles/CBMi0gFBVV95cUxNUFkzVERMaEc0b0I3SW1oSThrdWg4LXhoWWZBcU1lZmlEclp0Y0NUeXJLcGxVQ0U2MERtUUwtb3Myd3haNUl0dm5Mc2hDbUpjeUlvdHJtWjNwRUJiQXVISGZoZ2ozc2UxbDBzRXVfbHFMSUYtbU5WUGlwbUFTU0RVbVpkUkFTeE0wc0xoTFN5U21LcHprMTRxN2c1aDVMZEN2S3d6RUw1Y3MtWDZFV0FfVWVPcVJZSnJKa3VqNVRXRFN5enNscm1rSTkwWkE3dFdTWFE?oc=5
