Title,Media,Datetime,Link
Stanford prof accused of using AI to fake testimony in Minnesota case against conservative YouTuber,Fox News,2024-11-24 23:54:02.108167,https://news.google.com/read/CBMiuwFBVV95cUxNS2RmZlhFeEJ1ZGRNTXJzdnFCSGtKU2RXZ0dKT1dqdVY0cy1Ya3B2OFRlQzQ4X2JyOS14WDFkLVlGVjBsYld0QlhoVFRMX2FTMl9hN2ZEcXlrdU1DaWoxUDM3VzEzMkUwWlN1U2NQYjdjLU1MYWxGb2JFU040bWFuRnY2NGg1eldTRlVTaUxxMW1HQnV4a1YxNWtkNkxHUVpjTmhKUW9FU21QaVV3cG55WHE4TktpSEJiekhZ0gHAAUFVX3lxTE04M1NFS2cwYjlUT3FRODVMZVlJQkMxd0hSa05STzJjQ3dpV0VYdURDVkdnMENHeWNoUktVYjZGSXhaX0pzclE3OERFSjUxMW5XNmlRcENuQjEzUkFJRG5fWi01UjRtQlYxdHBzUXkzN21MdEMxQXluQ2kyZnBGWXJhbS0xZmlpV3VVbU1wZlRIM1U0ZGtGcnJlWHRCaGl0NXliM20weDVBdnhtMXphU1kzUXkzR0JZQVptS0VzN25EZw?hl=en-US&gl=US&ceid=US%3Aen
Do Coding Boot Camps Make Sense in an A.I. World?,The New York Times,2024-11-24 10:54:02.108786,https://news.google.com/read/CBMigAFBVV95cUxOdXJTUzM5Q2JfYy01d0tjTUljQVhoRzlnaEpTN0pqQmRENlkwM250WnBoYktoYmYwSVh4SFEyMWwzQ1g3Z1BFMWFiRnVNTG15TnFpLXlLLUlsYllUakVOQTRMTUpLSDg5eEVqQzhrcGs4ekpxLVhGTnJwUXB3d2lJSQ?hl=en-US&gl=US&ceid=US%3Aen
What Microsoft's AI knows about you,Axios,2024-11-25 09:54:02.109472,https://news.google.com/read/CBMidkFVX3lxTE5Ca3BocjRaSnNzWVNyOWFOc2llVnhuclZxOHk0Vno5cXZlbVA2SHRpMi1xUEhXczJfZkZ0Y3J0VWhwd3M5NHA2ZWdwNFdfX25UQWZ5Wm1wZ05zSkhQcjFNXzJOQUZoZEVscFoyU1haTGxDaFFTMVE?hl=en-US&gl=US&ceid=US%3Aen
Influencers are using AI 'women' to lead people to OnlyFans and Fanvue — where more AI awaits,Business Insider,2024-11-25 09:54:02.110087,https://news.google.com/read/CBMimwFBVV95cUxOR0Z3Z0NKWENMMlFLMnF6Vmd3T0xLdFVfbVNYRnFNcTNBOU1NRmZUczRBVDU1TXNWTldqX3hlNXAwZkx1d2V5VGZPdmtQMmNHdVRydTNfWC1xZWJOYklWbldLZjM3WDlRZzhsMW9sN1d5d2Y1MjJXM3dmMlpxTmo3bFNzUVlHaXdxRkhtN3k4VnkwU3dvdjN0MGxyQQ?hl=en-US&gl=US&ceid=US%3Aen
Jennifer Apicella: Pittsburgh leads in AI robotics,Pittsburgh Post-Gazette,2024-11-25 10:31:02.110625,https://news.google.com/read/CBMiwwFBVV95cUxOd3VoSnJ3ZWlXVzhJTXBRckl1V1RZZmlUdURBbmVmLU1vVWNGNzJyMjg3TFdyNkl5VXF2MFFCTkhXZWRzLXh6ck9mT25MX3hKUGY1LXM5SGdCMWdEVXhfdmlDVGlNR0s0b3BOUURfdkJFRmJfaUwxWWQ2cmFheHZjalpyS2w5blVwZDhOeUhlX2xOTHVDNzhzUHZDaDZoaVFtYURyTkJObmZsdkNCUFRTa3VIOHp6Uk40M21uV3NUNGZWVWs?hl=en-US&gl=US&ceid=US%3Aen
Jamie Dimon says the next generation of employees will work 3.5 days a week and live to 100 years old,Fortune,2024-11-24 12:54:02.111163,https://news.google.com/read/CBMiqAFBVV95cUxNUE5WRldKdktFX3FDMXNFZ1Nad2Y4c2lsNnZzSnhxa1pzTE9Yc3NKVDFHdEZnLVRFTTBwOFY5dzdhMEdqN2RLeDdXTXg0VmRuelVOTmtNczVJLTZyeVFtM05jbDVOX2hONmVhSkRxNjdsYS1Xbi1NTXFkSHRmM2hIblZERWNNMXVUM1A4VFpZOWtvQmcxX1BQZ1U2bFZhTlB0YzRtT25MUFE?hl=en-US&gl=US&ceid=US%3Aen
Data centers powering artificial intelligence could use more electricity than entire cities,CNBC,2024-11-23 10:54:02.111705,https://news.google.com/read/CBMiqwFBVV95cUxQS3c0eHdZSlNGWVY4aWdvUTcxVGFkM1Q5d2pLLW10dHpKZERvVWY5QXIzeWk1ckVEakF6YXhhaURTSXJYdWx6cFJqRE1EbHRfVTRNOVlhYmhYc19UTldaeEpuam55ZkZWUTZkLTJtbmpiZHF6aTI4eVVWZ1IwQ21Xb3lTRUEtRm96OUpPbjhaR0pSNkIyS3NtNGhrR292TXctMEo1S2ZCOTJhWEHSAbABQVVfeXFMUGhIOUE1ekhsQUwtbkstRHRQT0pRZG5sWVJpTG9nNnZTbmk5YVFjakZMekRJdTdnNTgyaEFOdGIxU3JXMDNNUkxpemM0OF95Q3A1aGxwbkQ0dlBiZ0VjM1FFX0VDV0k4aW9DajBpem9pNVA3MmZ0Q3N2VC04Tk5CY1J4c1NYczFKMG9Hcm5WZ3hzWS10NE9LMzF6SDNZM1BlbFBJZVRreW5RV2xGZ1ZwcVo?hl=en-US&gl=US&ceid=US%3Aen
"Labelers training AI say they're overworked, underpaid and exploited by big American tech companies",CBS News,2024-11-24 23:54:02.112230,https://news.google.com/read/CBMiugFBVV95cUxQNVlCdG9sdk5nb29EdzNaaUtiLXRVM2MzajV4aTBNRDdLVl85LUdXQUZGWGtxNklZR1J3Q3A4ODlmN0MtY281RHlMeWJfUS1iVWEyNEFUU1ZiNmx3ODV5a19XRk1PcTJTSXdCZFM2Mm45UV8xc2h0VkdtclJkanZnNDN4UnRRZkgtQnZCS2dqdkt5eGRlWVVRRVhsMl8xMUN6ZUhUS2RMdE5lTW9VOS1aN010bUVieVdpbEHSAb8BQVVfeXFMTVdmQVVpQ3NrNU1VYWhIemp0dXZuN1g0ejlUX0VRSTZaRnZ2UktqU3U3ZUZERDBWYU02OXhXTWFOZUc1SDVxRlF0TmxyNXRMOHNRcE5kN0hTMlNaSjdJOVVXbjUxNlpwRGN1YUg3T2VVZ2tQQmY4YVo2T0dJdGZuQXB3dC10b0ZWdEJManpKdFJ4OXR2RjZzc0gtT0p1aDB5bTZHOTFuY09zdERXTXhUcUNlSkJpUmNPTTRBdG12QjQ?hl=en-US&gl=US&ceid=US%3Aen
Amazon’s Moonshot Plan to Rival Nvidia in AI Chips,Bloomberg,2024-11-24 22:54:02.112745,https://news.google.com/read/CBMiowFBVV95cUxNOHBEUVBVWkg3ejcxdEU4MHZobXhnMHJVZm5hU0VSb1M3QTlsWThMd1BoLVpuQ0lQMXJNSG9QWjhtMFIycm9LRU12WTJhVmdwUnNhTHItNEFCbnNCb0hUVmFHSHVuUGk3OUpLYXZiS2EwT25HZm43ZUJGMXMySHFwX1gwOFBoYllLanc4MU81VGR3QTM3TUN0WF9DcnJ6UHJxYmdJ?hl=en-US&gl=US&ceid=US%3Aen
4 Issues That Fall Between The Cracks Of Our AI Excitement,Forbes,2024-11-24 19:54:02.113241,https://news.google.com/read/CBMitgFBVV95cUxQMUdNejRoZDhzMmVkNmdITHh6SV90MjJVVUMwM1ZjQVd0MGxzdW1zRjBKYWdiTWM1NlNLNEhGZmdxa2UxRHVfTjh3QlBIOVVUQVJKY1AzUUE1TXZ3anpXV2MyQVNpMUlna2tEM0ZaVEx3dU5tNWZTWk5uNEF0WFB1eWZ5UjgtUTY4UGZBT0JCMVQ4R1ZndHNsM1JzcGp1Tl84VkxZc3RGdVRYbEcyMTNrcng2Unhhdw?hl=en-US&gl=US&ceid=US%3Aen
It's not just a game. Your Pokemon Go player data is training AI map models.,USA TODAY,2024-11-25 10:26:02.113774,https://news.google.com/read/CBMilAFBVV95cUxQNmhRNGdxWXg1ZFFVN2JCUDRaQWlPV0hiRzRENFQ5R1VlOFUxX1E5Ukl6TzgwalBnZVRvTVdQWDZYVm9yQXVBcmVYRlZVdFlOTUdmRDRLMlVrbTZLSjlkdnBBUTktemRjWm90emNsSVl3M2FmSjZLckV6YXhyQ2JyLTk1ZktFb1dNNjIxakoxVFkzd1c1?hl=en-US&gl=US&ceid=US%3Aen
"Britain, NATO must stay ahead in 'new AI arms race', says UK minister",Reuters,2024-11-25 00:54:02.114265,https://news.google.com/read/CBMiwAFBVV95cUxObnU5dURyQW0yQjZ3aFdDXzE3T0xtZDRGWWtNT0tMS1NNbnNiSHFwTjNKYjNxWlJXbUNndGRIc0pkMHlDMzhHazN1YU5qdFBJSUF5cXVFV1VtVzNPb2FLcVRqMEI4S3QySkZTeWZVbTg4M1BUNDRWUVo2eV9kUkQyOElOeTdyeGlGblNWRTNyUUhITVdCN1hhbDNjMGhpdl84Zm9MbEw5ajlzNVhGenJUNEU1aFctRHBGUTA2TmdzUGY?hl=en-US&gl=US&ceid=US%3Aen
Global AI Power Rankings: Stanford HAI Tool Ranks 36 Countries in AI,Stanford HAI,2024-11-21 10:54:02.114788,https://news.google.com/read/CBMimgFBVV95cUxNaE5UamxoaXh2NUU3dFVWa3hCTDE5ZzlERHFZQWFTelRpOWlPcXZiWC16UUhyM1VfVmFfQzU0N0JqX3hGWXEtZi1IVzVkS3plY21FWk9FQi1WZUNRRk9jVnVhZnVkdlgzLWlacVRfNVVSWHllc3RHZzdodDl4S3RYTExOcF8yR0hSQTJPY1Z4bEFmZ1AxTVkycFRn?hl=en-US&gl=US&ceid=US%3Aen
"Self-learning AI releases NFL against the spread, over-under, money-line picks for every Week 12, 2024 game",CBS Sports,2024-11-24 16:54:02.115273,https://news.google.com/read/CBMi1wFBVV95cUxQY1l6M28yeXlEOElSNDA4cXFUNWZTX0FTS1pkZEoyZHJlZ0J5ZF9ROU9XMHNYS3RCc3Baa3JjdU5SejI2N0l5MFdlb2dLa0d2eGt3TVN5ZjR4V09mMnlZb0RYWlV2aTVZc0dHMXhrSFlEc3ZlSDg1YjBQZ0dSeFp0eWdXdm9MN2N4NHgyZVhsRzFGczVpZEZIZ1J2RmZFY0ZXU1RJN0tnRnA3Smxnc0U4SFBXYjc3b2tFOXMwNFRKOWh5dl9FeFpEbzhEeU9keFNETXJFUndBRdIB3AFBVV95cUxOd1JjUHhUQjRGamhyQi05VHUwcDhQXzllanRGVmdqdXF3S0VoenpRb0ZyTmZ6d1dxOFBSUWlTM0E0TGR6U2tMbktpT2poNHRLeUtBbW13ZFFobUJJZ0hfVExiaTFOMThNM2NOM2pKM0VCSjdWLTRyR2hzV0VpZlItcnJLVVZmUlNBOTAwX1dVSm1ZWkhFTnlydUpCTDRrNnl6TXpmb0lkdkdWLTVwbk0xdTlENTNaQ1pUS0lQSllZeTRrc2hnb0x4YVh2ZHJma0dZbWtRZm90b3dqM0R1?hl=en-US&gl=US&ceid=US%3Aen
MIT researchers develop an efficient way to train more reliable AI agents,MIT News,2024-11-22 10:54:02.115767,https://news.google.com/read/CBMinwFBVV95cUxNWmFVVHhqMVJkZGJpeXRPODZtSm5QR0d6UGRfeDQ5c1NIZkdvRmlROVF3eHEwTDRJSlNRQ2ZISmxLR3lDM1BtRDJUUUdwNkdpYVRHc3cxNG1jbEczc216SDM1NWN3OGg0RFBNN1RTTVRXLTA2NGFjelZxRlFjeTl2bzNVX2E4Z1RESm9vOGJjUmlQWU5WWTByVXRvU2lRRms?hl=en-US&gl=US&ceid=US%3Aen
"Russia plotting to use AI to enhance cyber-attacks against UK, minister will warn",The Guardian,2024-11-25 05:54:02.116353,https://news.google.com/read/CBMixAFBVV95cUxQakNqR3E0Y1hTb3ltbWtYSjl0VWRjdjZkY1Fja1FobjZiOGRaRVYwc29OMGJ3Skc2cmNidHI2TmpXdGI3NjNNeUVVYTZ6Q1V4bWJCVDRwcDdrT2tDTmRPOEFaaDFJaFBmX1ozVVotM2J2cFA3QW5KYnhTV0tnWjU3OE0zQXA3WWxpQWpGeGVGbW5pVU5JLVBPenAtNHcyd3lpTkhDczYyTkRCaVd2bFZ1bjJSQTBIdlQ3MUdoUTB1bXlnUS020gHEAUFVX3lxTE9nSGVCRmI4U2p4bEVyMmlWajM4MDhrNVR2WlVCd1JXdVhaUVZfUE85My1ORHVxQVFPQXNxVVNOVnVVMFA2cldudkRnamtxTWp0SFJKZmRzbmtYNGhYRWtSVk1OaUNmUlFUcGZkM3AzY3Rob3QtYW9ySWxNOEZDUmNUaU5MN0dRN2lnXzhXTnFhS1lsWVVsVXJ1VG8yX3hCWGNFZnJSZVRuZV91Tm80OFVyQlU5VjZTaVNaSmczMGFkOWNBWkk?hl=en-US&gl=US&ceid=US%3Aen
AI's scientific path to trust,Axios,2024-11-24 20:54:02.116956,https://news.google.com/read/CBMijwFBVV95cUxOMjdhT3paOEVYdmszYWI2QmNxUmVkTHN6aFZfVWJmeFR4TkF5QWg2Um43STJiTUVtQWxXRTA3NXVhVU05X1lIbkVuNFBLYUxENVZyY0hvaVQ4Vmw3cnJqTmU4N0NIUm1mMXV2SzVJbDhjQVpRVW9HcE5MeW43WlNIN3lGRjNtMjQyZ2FFbG9lcw?hl=en-US&gl=US&ceid=US%3Aen
Coca-Cola’s new holiday ad turned me off of AI-generated art completely,Fast Company,2024-11-21 10:54:02.117508,https://news.google.com/read/CBMihgFBVV95cUxPM3MwdWNMWEZUUlU4V0wyNjNYbGIwR1d3WG1KN1NMR0w5TlU3WUNNWmlsNXl2ZG5TUVNaT0x1Tnp4M3hZRkFKcDNOc3E2TGUwSEFjMVh0Mk9qeHN3NkIwT1ZEeWhnNXNiSFlXZTcwMUJlWm9zWFFXRl9OaVFEUGtMSl8xbXZKdw?hl=en-US&gl=US&ceid=US%3Aen
'Dystopian' AI Workplace Software That Tracks Every Move Has Employees Worried,NDTV,2024-11-25 03:54:02.118041,https://news.google.com/read/CBMiswFBVV95cUxNMEZPZU5KMTVmM1JsTktVdnBuVXhlc1lUQjN1NjhvMXNDaGJaVjJLb2FmVlRzZXYtLTVvbzZ5ZnBOTnotZENPSVNtVktFRlQ3c2ZKVWVWcjY0OHVvMHVKNnlWbTdrS0FUTzM4bDJmdzdEVGJmZ0hFazdKbVZBb3JJVm8yYWN1czY0a0UyVnFGbGlFcnV3cG9WQ1VBNmJSckpJbXM3bmFsTFFqdlc0eENNSU9lTdIBuwFBVV95cUxOdlZhcGVJRkZKVDhyaTBXSnRaa0dyRVRoekVFclpzTkhJYkQ5U1Y5bVo3RkpsNnM1REppV2d2cWFNTkJ6SF9ja2NzOTY4cFRkRVRGZUxPUXB0THA2N1hLOXA0Zy1LdTlZV01ncng1T2FqMzMtd0s5MjRFQ2hzLXdrUzZ6aEtHUEx0S0d3bDlnNXJma0dRWHplLWR6X2luSDJVVWpuczNfZnRRLTJ6V0NhTkUzRlBfVW5yWm9n?hl=en-US&gl=US&ceid=US%3Aen
Here Are My Top Artificial Intelligence (AI) Stocks to Buy Right Now (Hint: Nvidia's Not on the List),Yahoo Finance,2024-11-24 12:54:02.118570,https://news.google.com/read/CBMiiwFBVV95cUxPZ2lWOENvZzdXZEpFWFVnd3I2Umk2ekNyRC1adEZTMFFnbzdQUkFnTlhhUmlIMzNYa0lfdTJkVFJnV3BsZmlyVHRVLTdqcjdjT2dURjFkRTdjOWxfNmI3dkVqYzFDX1hpb0s5alhKS0VJRFhSelY4RHVKUDBtR2RGcXRrMHF6bTVJQXpv?hl=en-US&gl=US&ceid=US%3Aen
Watching the Generative AI Hype Bubble Deflate,Ash Center,2024-11-20 10:54:02.119091,https://news.google.com/read/CBMiiAFBVV95cUxNQmEwMEdlMm1zVUVqVElFUjBvRk9Jc3pSeE1GazBQNmRUTUw2SS1Kcm1RTDFfUmxSY2ZSRnRjOWNSZllMN2oyLXpUdjNuVHlsaktIUVZSYXE1WHl0aWhIbDFZVGg2TFluSWtCb2ZYWWZtdUJiaFVRMW02Z2Vkc2tMUkZpMDlCS0tk?hl=en-US&gl=US&ceid=US%3Aen
Former BP Chief Joins A.I. Data Center Developer,The New York Times,2024-11-24 15:54:02.119641,https://news.google.com/read/CBMihAFBVV95cUxNaE9aT24xcExEM1Q2OWIzN2ZkMVhCUTVFTE5VbkNCYW5CQ01MNE1QSmw4c0JkODVMOTY4eUdhWFlzeF9QZWQ0RG44LW5XTFVFcVlTTWJiODBiSzFKVE0zSDlWS2ZlUmlESnptaVFfeW9Tb3liQ1hFTVVnYkRuc1RrMXdKMVk?hl=en-US&gl=US&ceid=US%3Aen
"Salesforce CEO says LLM ‘upper limits’ reached, future of AI is agents",Cointelegraph,2024-11-25 05:54:02.120150,https://news.google.com/read/CBMie0FVX3lxTFBCZmdkSnFEZHJxZzFiaUZ5aVBHS01nTW1PQW5IYlVIajR4MjJqQkZmQVItVXhZTFJkYXZoU3p6Rm1lYVg0SWYzTlJJb3NSZ2JfdHNkdk13NHlvak1RYnUyVUZUNnJGTEt2ajdZNTNXUVR6azZzUVVzY3prNA?hl=en-US&gl=US&ceid=US%3Aen
Training AI takes heavy toll on Kenyans working for $2 an hour | 60 Minutes,CBS News,2024-11-24 23:54:02.120703,https://news.google.com/read/CBMigAFBVV95cUxPbEZSajd4UFhWTDdadVBDN0wyTktQUnJPZFhjcGd0VEtyYTFmbU1FMUNHcVBNMkR1VkdNMnpoSVNaRHJmMDAxRUlGWTVyTzItNFJLcjFOeGtyaWRmQnp2eDhlbGJyYjBjLXg2RXZGVmhhTlQ0NmZTbEdUUkJKM2g5Tw?hl=en-US&gl=US&ceid=US%3Aen
"Ignore The Noisy AI Hype Machine, Just Get Stuff Done",Forbes,2024-11-24 22:54:02.121225,https://news.google.com/read/CBMiqwFBVV95cUxOOFJhMndISDV1dGdCVWRiLUZnSEp3NGtfNzhiRzBSbzl2RkFEXzlJWEk3azZ4X3h4S3R0V0pJMmxub1k4ZVYyMm51N3FMVEZPVGRrN0RMeGZrWGRza2lMSU44RzBjV2RWSmpUNEZXekgxWHlUU1NyYnVDdU9KYVowTVF5V0RQUTRTOGk2cTFWeGFCNW5yS2dIMGltYTJPckVJOU4ybXBMLTNzUWs?hl=en-US&gl=US&ceid=US%3Aen
Kenyan workers with AI jobs thought they had tickets to the future until the grim reality set in,CBS News,2024-11-24 23:54:02.121783,https://news.google.com/read/CBMidkFVX3lxTE9EM3R5U2lXcld3SXJkX3lhVTZNMTlCTjFOaGdybWRWVDNrVmVWRnpvY0FYUS1QRzFLUFFQVVJYSkw0UmxsRVIwNXFweTM0RXI1NkNITTJDa2tOcnkzZ1AtQzdrRFlFZHhtRkZjTGw4aWptTGhTdVHSAXtBVV95cUxPVjZ0VTZqcGpLY3c4OGxGZ1hUWW9kZ0VpMmU4V3kyWk9DLUpaM2JHSm41Q1l6QWRKd1VJYjdEdVVYZXh1X0gwd2xMTkVVNER0SVZaNlEyWnc1U1c2QWdYczhQcWp6VWZ0TUxINU00NWdqaWtXMWFiTkpib2M?hl=en-US&gl=US&ceid=US%3Aen
"Snowflake, Elastic Upgraded As Wall Street Analyst Cites Emerging AI Battlefield",Investor's Business Daily,2024-11-25 01:54:02.122295,https://news.google.com/read/CBMinAFBVV95cUxOZ2o1VGxGVDMyb3VocFJRTHphMEVxQzJ4ZnF1WnNaUEhKUXgwQzZybWsyN3J5bmt0emVsN2Npa0tkTVVJMFUzM0trYmJPMG95Y2tWcl9tVnRzNUoxYzdKdUs5SDJWNkFCdzRTV3E5UkJVRHhLNkRoNE1IM2Q4Um9jRXZQR1BtazN5cG94ZUxrMEtzdGc0MUY2dHI1eTM?hl=en-US&gl=US&ceid=US%3Aen
Nvidia CEO Jensen Huang says we're still several years away from getting an AI we can 'largely trust',Business Insider,2024-11-25 02:54:02.122828,https://news.google.com/read/CBMijwFBVV95cUxQTmgzVXY1UF9kN3hoeXBSRmUzWjdPdHp6aGRKWVc4WlJzR3Qyd0F5azJoc0ZDeEE5OURJSTVldzZhZHBVaUtmc2gyU3VmVkZqMDJPTnlJaFlpbDhaQU85ZWhwZXpnLUlHOXpWRy1EdWlQanljQVAwYlFtRnRiOThsWGVwcU5XWEgySE5rTTV2NA?hl=en-US&gl=US&ceid=US%3Aen
"Getting started with AI agents (part 2): Autonomy, safeguards and pitfalls",VentureBeat,2024-11-24 20:54:02.123311,https://news.google.com/read/CBMinwFBVV95cUxNTG1MVUo5Z1gzSFZlWDBDY0JmbVlleFJ5ZENMODlwbjY2QnNvZ0l3anpsc2ItOWRJVTAwVFpybEFvcHVQX0hJUEJnYlp5VHNid3BhclNyeXhxMDltVXhEYVMtZlNhckxZRGFOYnV6UmZiT1cwSW1BeXNacHFVM205Nnk2RWZOV19aOUZpaWRVeU02UmdYVjBoSUJDSlAyNWM?hl=en-US&gl=US&ceid=US%3Aen
AI boom makes 139-year-old cable company Japan’s hottest stock,Fortune,2024-11-24 23:54:02.123861,https://news.google.com/read/CBMingFBVV95cUxQdkF0OEJIRGJvQzdFTThmX09CV3FwVWoxaE1aa1MwdGhUMjdUNDZveXVHdk82OE1td2c3RWt6VGhaVVlzeU8tY0ZKZFN4SThXNHRrNmRuNUIxQXBTTjVUYi1EeExqZHFUYjREMmd6TUFNTGtFcWhtcHdSZTVFdk5SdUNRd3NQclF1OVJMOWoyRmtlMzY1TnY3V3NxTl9vZw?hl=en-US&gl=US&ceid=US%3Aen
"Britain, NATO must stay ahead in 'new AI arms race', says UK minister",Yahoo Finance,2024-11-25 00:54:02.124571,https://news.google.com/read/CBMif0FVX3lxTFAxOTJOUHRWX1JndktIREM3dGxUMVRZcWZ3eEM2b052TjA4VG1WV3VKR0toWU0xZDNXUUE1MnREVXVtMlRTOHVEbVFqVnAxOTBJTjhMTXpSNWlKMTNCTmtqelJ5XzRtT0FvTFhSTUZ5ZVZrMmNNa0U2SXI1Q2lFOWs?hl=en-US&gl=US&ceid=US%3Aen
This Is the Biggest Question in AI Right Now,Business Insider,2024-11-24 17:54:02.125100,https://news.google.com/read/CBMilwFBVV95cUxPQVNFZmJCU2c2OTFCZ3NZampPVldDLV9iRHo5TU5GZ3pwb0VFVXpEbjRwVS1KbkwweU91bktoV1Vra0hOYzFZaWgwRGRURUhQd1BZaExhelBydi1qb3ZyV0w2bTlYbEF6X0FxaE1jYVVHbnExaGpLeENWWnhBTzg0NjU3VVRkRlRWSF9KUGhISmdJRFVXR0pn?hl=en-US&gl=US&ceid=US%3Aen
Warm and friendly or competent and straightforward? What students want from AI chatbots in the classroom,The Conversation,2024-11-25 00:54:02.125601,https://news.google.com/read/CBMi1AFBVV95cUxPZHd5UUpYcVlGV1ZIN01ieENRQnAtdXhVUFplRFQ5SmpoQkl5NEE2SWRHaDg0NFA1ZlA2OEYtMUFldzhMYkpya0tCWVI1dkM4VTFYckJkVHRDS1g0SWF2U1doMktxX1FjZDFlN09pNW9ISXNwalBzdVMwRks5bFY0VGJvNm5DZDhkOUhzYTVxUTBvOVB5V3NkaWdaampuczJRaVJKMFZUTU9paFpyaTJfQWlMSHkyXy1ob1FWVTYtQ2ttZm00SkVISl9MY1JOem1ZNVp0SA?hl=en-US&gl=US&ceid=US%3Aen
"Dow Jones Futures Rise: Stay Cool In Hot Market; Forget Nvidia, Meet The New AI Chip Leader",Investor's Business Daily,2024-11-25 04:54:02.126120,https://news.google.com/read/CBMiuAFBVV95cUxPX1AtU0k5ZlhNTzhITzdLSFNrNUpseG5JdURFbmFlU0wtVU11ZElrX3VETG9SYktOanEzQkliSDR1SVVWeVJTcGs1OWRVWmo3c3RIWDhzS0ZldC1KUzE5RUhZQlZxam5xYzkyYmtxYTR4RVVJc2R4VUg5aHhLXzBlRHViS1M3Y1IyUC1lR1ZJRV95QlFfTTZMZFBGWFdCS3JyT1FLd3NsampXNDVnVnY3WFdaQTdfR01W?hl=en-US&gl=US&ceid=US%3Aen
"Taiwan Semi (TSM) Positioned for Growth Amid NVIDIA’s AI Demand Surge, Says BofA Analyst",Yahoo Finance,2024-11-24 21:54:02.126631,https://news.google.com/read/CBMihgFBVV95cUxPRklfV1FXck5uSFhldVdlVXhtMVliQy1KN2VaQTBmMWRSVmxJMG1zeWFKTFd6dUlua3Eyckx4YmI0c05adUp2TkNYdGF2UTJJcVBUUDlGckhoR0lXd2VFdnZMYjExbUVRZWgtRzhxaWJnZkpyYmRSb3d2TXhzRVFIOURXeTNZUQ?hl=en-US&gl=US&ceid=US%3Aen
"Can a fluffy robot really replace a cat or dog? My weird, emotional week with an AI pet",The Guardian,2024-11-21 10:54:02.127119,https://news.google.com/read/CBMinwFBVV95cUxNcF9MUmdVTFZGckMxRHMxb1MtdVJqRFFueFJFa1NsT2dFc0VfczAtTjNvRWdXdWdTQ2k1TjYxZWVycGp4MnJ6em9lcmJycEY3bFozZVYxTU9GNFczckR0bDgzckFtNWVhZkpqeXNrOVo2SmZYazdGc0ZJZ2xzVVJWaElDbVM4OTZxZVMyWE1OWXlnZmRGUGl1b2pWYTZTYm_SAZ8BQVVfeXFMTk9vRzZwZHNfUHZxLWpzUTg3SzhZWnBObk5oZlJxZUJYU0UyUHZNNzNycTR0Q0g2dVlNOTA4dXRXeEx6YlJkTjhQTjl3MkpORkVMWkVfLWNsenIyN1BzcHdGbXpLWGxYYm9FZmJqVENaRTNESlJOS2lWSDBycG85Zko0TXZRcFRLY0ZBVHl6NlU5ZUhEMzdvS25KZjNNMVZn?hl=en-US&gl=US&ceid=US%3Aen
AI grandma fights back against scammers,CBS News,2024-11-22 10:54:02.127629,https://news.google.com/read/CBMijgFBVV95cUxNUVJoMl9RMS01ZldFdkhFM0FwNlhwdUlPdDBmQVpxRHAyd1d0UERQMVAzdjY1ZkkxOWdOX1Y4Xy1QVm9TSkdqbnJ3NHVVWTROazlKczEzSmJOai1paF9oV29oaHVTc3dGb2xDTEJnUThlUnQ4UG94d1FLQWZaN0lwQXVpc3I4QmxSZWNpWGdn0gGTAUFVX3lxTE1iXy1nQzJhY0ZhclFNQVJ6QTJQZThkZHZJaDNGQllsN1VDZ3dXOWY2dEdHWGVRQURVcmpVYVJ5Ymt0S2ExQ1V3cVBDQ25KOWZEdHdXNEsxLUs3SWFWY0JpeXRlNl9ySkhlWWhTQmkyN0ZKWUY5WmVraVhzS3BacUZva3ZZeGhDbXJoVGlTMWRqcUhTcw?hl=en-US&gl=US&ceid=US%3Aen
Skunk Works® Demonstrates Airborne Battle Management of AI-Controlled Aircraft,Media - Lockheed Martin - Releases,2024-11-21 10:54:02.128097,https://news.google.com/read/CBMivwFBVV95cUxNNTQ0RF9zSkd2bWZocWdHRFlWMFZ4MEowOTFYeUFCaUN1eTQ3Tnpqcm55eG9UU28zY3RSS3F1dENVQXV4S2g3dnk2REJBdGJral9SMFBvSklleTgyUzVUOFJiT1NYQjR3ZWlDUXVPU3ZWQXE3S0hRUjgwdVJRZm5tVmRIbDlfX0t5aEo5cVMtVkFsZ2xlX1VzSGxwRWFkZGNSdDQ4WXY1aWZXZWhIOVZqNDZSOXQyd3BVY0piX0w2QQ?hl=en-US&gl=US&ceid=US%3Aen
Microsoft’s 10 new AI agents strengthen its enterprise automation lead,VentureBeat,2024-11-24 16:54:02.128580,https://news.google.com/read/CBMingFBVV95cUxNMHNyTWFrbGxVLWZwalZrUFNQanFRck5pdF9HNkd2Z1c5TUNzWDhFcUdDQmtjTldCcmRKR2toZXc3dFJUUWkwdk1HemREQkF6UktjWXNsTE9FT3FRelRMd2EtTXhEcjFGbVNJcm00OUxOdDRmZXRiVWNMVDkwNlE2RHJMd283RE4ydjFuQ2lidHlYYlE5LUUyRFRxaGt2QQ?hl=en-US&gl=US&ceid=US%3Aen
Here Are My Top Artificial Intelligence (AI) Stocks to Buy Right Now (Hint: Not Nvidia),The Motley Fool,2024-11-23 10:54:02.129139,https://news.google.com/read/CBMilwFBVV95cUxOd1hQOGRaTkZleWJEMFZEbXo1MnBDcHdvRzhleWo4WndBb041RFR1cDl6OEtIM0NuVUl6c2tpLV9od2xROTRWbGxUd052THZCWWtyc3pFQzFTN0JWQndXbkR1SE5iSVpTWC1QNHFOUGktdzVVSG52M3VSUXc3S19DaVJMRUMxemE4c3NxbG9GMkZlaDBCUGdB?hl=en-US&gl=US&ceid=US%3Aen
‘An AI Fukushima is inevitable’: scientists discuss technology’s immense potential and dangers,The Guardian,2024-11-22 10:54:02.129684,https://news.google.com/read/CBMi1AFBVV95cUxOWVZkRTVzdWxaTVljVmcxOXRGWmNaOUhDWHVueVVKekZycUJWN1duQW5tWlUyaFIzOTZyU1NpMmgzcFZLSTBkMndlR0F0UDVXNzlXVlY4RFc2TTNJS1h4RFRnY3NTNWEzWDdMS3l1bEVmLW1HRHNFWTZUNzBpRnFXOWpEbFNxNXdWbXNsR251Q1pfdmlBRFFkN2hiV3UtSmE0bmN4aEtZeHlzMzc1d29IOWwzdkdCczd4cnVyZG1kSTM5SmR4dGdyNUJwSWphQWxxRGN5WNIB1AFBVV95cUxOYzJIUmJBWEFYTmpqSFRIbWhYNEVKWmp5MGl3T20yVG5sU3VSM3BHT29GdVJMR2lBSUdXYUxfdF9QLWUxWGhfclRKV3JVTWpxX0tOZ18zUkE3VlU3WWxzdVhvZlFjNVB1QmIzdHM2aUdxVmZpYmpRNUVLRmUwbGNTSDc1OVcyaUtUMER4ZmtYemFJelpPOGJBLUFYdzg4ZWhDUUFmTURjWFFUNFZ3bVZ1X3dIZ3BYa3ZNN0ppYkptNTFzRHRQeHJYV2dkaktCQ0RnYldSMw?hl=en-US&gl=US&ceid=US%3Aen
I write about AI for a living and Suno v4 is so good it put a smile on my face,Tom's Guide,2024-11-23 10:54:02.130172,https://news.google.com/read/CBMiqwFBVV95cUxNSllrTW54eExHWS1ORU9idnZiVG1ZZVdZZzREaVZiWkE2eUdiakNsSDU5TWozTTBkT0xwQUdMbXM0c2FyQU1uUlVLcDEzbVVGQVlnMFAyUGs2cVpESWtHeXVJNjYyMGxWbGliZ01VSzZxOVZQbTZNVFhCTEhNbjBfQUFLbFFnbjBmVnpZYjBISzlSY2xvSDM1ZUR2OWNyd1JobWVBdmxHUFdEQkE?hl=en-US&gl=US&ceid=US%3Aen
Powering the next generation of AI development with AWS,Anthropic,2024-11-22 10:54:02.130667,https://news.google.com/read/CBMiZ0FVX3lxTE1HSkwzQWRnQWpOVVFrcFFfUWFTNDlJdndETGREYUdEdmM1UXdzQWV0Q2NaRDhtQnkwVWRoN3Z3N3FJZnJxRVZ6eXFZRk5WV3UydF9DVnpCdXpVY1VseXNENnp6WFZwT2c?hl=en-US&gl=US&ceid=US%3Aen
The Many Ways WSJ Readers Use AI in Their Everyday Lives,The Wall Street Journal,2024-11-23 10:54:02.131149,https://news.google.com/read/CBMiakFVX3lxTE1icHlWbkNUa0pKYkZxaW52NmlOek1oR2FSVG53b0RrS0gzMm5yMkxXVGQ2cklTUmE4VVRzcElNMlRQWHZERUtSeGd3bllMZjFCaFNDTW5nTTcyWFJ1ZFFVLU5WWnRObkc1OEE?hl=en-US&gl=US&ceid=US%3Aen
"AI agents — what they are, and how they'll change the way we work - Source",Microsoft,2024-11-19 10:54:02.131640,https://news.google.com/read/CBMirAFBVV95cUxOMjQ5RUZqODBId0lBMXFIU1RlOWY3U0RSSV9hRmxFMzdnb1hGeVRGam5yeDNJbWFuWGZYVzN0UzVkZURMSWN0NkVpYTNvNWpENlhkQnpiWUNCUURSdGlYaVY1VXlFSFhHMUlRVm1ZcllGRG9SalFRbHE2OXpHSG9NaHNKb2VtN004Snp0ZDhib1pGV3ZrdXItWHZyaHMwREw1S2pESTBOYzdNNGFP?hl=en-US&gl=US&ceid=US%3Aen
Is AI hitting a wall?,The Verge,2024-11-22 10:54:02.132123,https://news.google.com/read/CBMikAFBVV95cUxNcUFKdklwTEE5SkRqTHNSRjh0WTA2V0FGWmdTSVF1WnJyT3ZtWGNSaWFXUjlrbmQtSkZHTm1yMF9hWXZhMXprdVVRbnpfd2htbFdwYUtreUxaZXYxaWIwd1dHblVPaFIxWUVuTEdoRXRSd0NDYmNfQy1VSDNUVi11ZmVxb1VkV3dUWGRNcjZZVWw?hl=en-US&gl=US&ceid=US%3Aen
"Amazon Invests $4 Billion in Anthropic, Deepening Its A.I. Ties",The New York Times,2024-11-22 10:54:02.132620,https://news.google.com/read/CBMiekFVX3lxTFBCazR0RWc2a005ZkEtNHkwajR2cGdQeG9ZMzhQOFdLNDFHYjFOR2VHRlZyd21EOFpMd2llT1haQlRaV2s4UGY3ekkwNmZvak8tWTlvUjlFdUFKbDFsU2RqUFR3cHBnbmVKQU1TdUZraXFFRmFvX3M1V05n?hl=en-US&gl=US&ceid=US%3Aen
Reshaping education with AI: Justin Winters connects AI with producing and screenwriting,Los Angeles Loyolan,2024-11-21 10:54:02.133085,https://news.google.com/read/CBMi_AFBVV95cUxOS3RqQWFyMHBBeFNfa3NJZXgzTzVIa05lOG0yc1J2TUdNNm9mcXFERnNsYnpqcS1XbW13QU9LTWYxRnROYlM2eUt5T1htWW9MLTdtaVpwNmdvYWxCMVIxQXd0b2RMMU1oR1RKY0xjei11WFpTdjVDRkQ3Ulg4ZE9MMURTOUQtX2NUS2c1VjJvdVNMN28zOWpwajRESjFmMzRHLU91TWpVeUNwdlVFYS1vYnY2X3ZxOUF1a3JoWDNLZ3VvRXpUaGo3SzNTUUNSQlQza1BfZUZ1VVNjUFdfWlloZkZFblBYb05OalZKT3dsUmk0S3BxRjluT0dSX1Y?hl=en-US&gl=US&ceid=US%3Aen
AI is both a new threat and a new solution at the UN climate conference,Business Insider,2024-11-24 22:54:02.133598,https://news.google.com/read/CBMioAFBVV95cUxNQ2MxMk5FMjVVb0l5amFGZVlqREZ0cWlicVRVb1YyQngxZVJ3aGI5ZW1COWdWbHp5aENoSzdhWjREZ2hZcm8tRURYRE9ucjI3WVE5Wk5KRHAzblYzLXNRN3FKbmhMTzJzdWVGcXBCWjN0clVva095R1NJSENpZmpoQUN1UkZqNFNjS2Z3SDg2WkwtMWZ5T1NFdDVsWHVWb1Ew?hl=en-US&gl=US&ceid=US%3Aen
"Musk could save AI from lefty bias, Democrats’ woes not just messaging and other commentary",New York Post ,2024-11-24 21:54:02.134088,https://news.google.com/read/CBMixwFBVV95cUxNR0hGeHVXOEVxeGN1Rm1WOEYtc0lqamN0TWdOMzM1Z3QwbllHSk5YUFpXZERLY2FUTlB2UW5USWpYTmtMX1A3ZWxaS1dvZEgtbVFlNVFCNVBwM3YwU3hsSFhnZzdXWUhfMFczOFBhTWQ1UFZVRXZKZ3JPWXNURVJJYkp3NnRkd3lwcG1OVW9LX2tocjYtUjExQlEwVGVHeE8zQUVDLW0yNlB4dkE3Wl9YdGR3QUwxdEZqNllVQTZIYndzNzYtZUJZ?hl=en-US&gl=US&ceid=US%3Aen
John Curtis wants to create an AI tool to help Americans identify scam attempts,KSL.com,2024-11-24 19:54:02.134584,https://news.google.com/read/CBMitwFBVV95cUxPU0dPT0ZMN2VNS2hiZUF3eXdlVDlGQS1fR0ZicnJoODMtN0o1VDlaR2tOV2tpRlRlb0t0UGtBZDRVbkpROUNScU1qbVBUMGdhVGRQNXZBVnMyTDl6LXg0TlgteS02c1pHdEN2M3lnOEVWRGUwM0xHMWFIbXRfN0lSQm5DcGt2SlBPbE5EeTNSMWtRM0hwRkh6WkVUc1pkY3hMclZzVk9iMG90RDlkMFhHUGVvaDZQZU0?hl=en-US&gl=US&ceid=US%3Aen
"Marc Benioff thinks we've reached the 'upper limits' of LLMs — the future, he says, is AI agents",Business Insider,2024-11-25 00:54:02.135138,https://news.google.com/read/CBMilwFBVV95cUxQZjh5N1ZmZld0Y0J1ZWgxRjhRVGJEV1NtaUlqdnRoTTlMM3oySF8tbXIxeHhsam12c1NXZ0loQ2VaVUxETlJ0dC0zaTgxWUZwSEpodWFNUmE4cVJPUjM1WG8tWVhuQVJaU0NYWjd3RlA4VnV4NXlIMEZoQnNQaUxuZFV6ei1FTFNMNzVfcFQ3VnZJSjdsNWNZ?hl=en-US&gl=US&ceid=US%3Aen
"Coca-Cola's 'real magic' holiday ad, made with artificial intelligence, sparks backlash",USA TODAY,2024-11-21 10:54:02.135669,https://news.google.com/read/CBMiogFBVV95cUxPdm9ERFFoSG1fVHRfaGduTk42MnlCempqbWNySk1yczVmajltZl9YNkZIYl93UGNONGw4LXRteE1CajZkRnQ1cndxVHVyNW1qdDYwdHQ0SGQyZDNWR1BCZXNjRmd4MllQcmhRRWxqal9keE1jeGVYTEY2S1ljSi1Nclo3RHdCNV9XaXdFRkxVczlzaEVEbThkZVVlbk9uLVBob3c?hl=en-US&gl=US&ceid=US%3Aen
On GPS: Are we prepared for the power of AI?,CNN,2024-11-24 17:54:02.136158,https://news.google.com/read/CBMilwFBVV95cUxOa1hvNjVDVUh5UHNTekk3TXppUktjZWtCM2g2LWp4NUJHdGVRT0RqeHhDZjgzc1dhUnloZjlGMlRKR29pSjducjhScUtZREdnMS1xSG84MHJUb09qSGtmTVluRXljU3ozc3Z2bWNmZDl0enNJTlEyWGEtVjBNdDR5U05uYTg0U0VPVHlpUXZLbmZkNGgwSm5F?hl=en-US&gl=US&ceid=US%3Aen
Church Sets Up AI-Powered Jesus Inside Confessional Booth,Futurism,2024-11-23 10:54:02.136681,https://news.google.com/read/CBMicEFVX3lxTE1MZWR6Qk85Qmh0cm81MldURkpKVkh2NE8yNmFMWjl3ZV8yLXJaRnYxUTFla25PS2hEWHh2dGRvU3pBd21SRE92WnFCcFBRN1pGdEpQS095SGxzRm4zZ2t6TExEclR3REJtQWFrUHJseHM?hl=en-US&gl=US&ceid=US%3Aen
"AI-Powered Terminators Are Already Here, and They're After Your Job",80.lv,2024-11-25 04:54:02.137168,https://news.google.com/read/CBMilAFBVV95cUxNSzN3ZjJvYkp4ODJOa2t4aGFzN0pJQlFlV2huaEtWTzFNM2VYZExuclgxRTExZXZodFhyNlB3bkhhcm5MaG9KQzRPVXlpaGphS183dnZMbDlLWUt0VDdtaTZaVWNRZHVVbXMxblVHdWxicmZkY3N0N29KVGxLSUVXRW5IQzdZUGpQYU9KNWFjTGQ0WUc1?hl=en-US&gl=US&ceid=US%3Aen
AI could pose pandemic-scale biosecurity risks. Here’s how to make it safer,Nature.com,2024-11-21 10:54:02.137675,https://news.google.com/read/CBMiX0FVX3lxTE11dzhVcGJoS0IwaWxtcFdnNVlMVmFobC1ZU2ZJWURyS0Uxay1tWHVPbF91TjliLTRRUDhWSDhQcFoxNzRrb1psNnd4dng4dWpwODhoenVUaWMtdUFta2RZ?hl=en-US&gl=US&ceid=US%3Aen
Amazon doubles down on AI startup Anthropic with another $4 bln,Reuters,2024-11-22 10:54:02.138160,https://news.google.com/read/CBMi5gFBVV95cUxOWXhSMURfX1RvVGVtdWU0NllWQTF5cGZoX3BoUUdCS29KMG5iN2FfOV9pX1BfRjVYb1psbG83Wlk1S01YTjdqNlB6NmtsNUhVcXJUbGUyTWR5WGVCSDVuWE5iQkU2NXZjWjl6Yl96alNLZVVlUEtEeUxRRWlBaC1DUUlMMzAwTnAzdFpNS0FNM05xNTBkSEwyVDBkWGdUSG9aU0ZLMlZIYWNDNWlvMHZYWHI3STMtbnAtOWE5aWNWYUNXMUZDa0VtWXYxYXNqVG1iTlFGOEJ0V0dTOGZoc1lua3JvZ0dRZw?hl=en-US&gl=US&ceid=US%3Aen
Nvidia Stock May Rise As Musk Aims To Buy $9 Billion In AI Chips,Forbes,2024-11-24 17:54:02.138660,https://news.google.com/read/CBMitgFBVV95cUxObDQ5YW43Y0tmd1NBcjE4cTR1cElUZkJDV1c3T2NIWVRXQjlEUndFRFdnUTJJU0I1MXlIV3E4czhyMV9mSTBDMDd6NFRpVmR4YTBLZkk1eTVoQmI5S1UzTlBlYldiMURQbUZTeFFtcER0Y0lGWG54ZGRhMmo5Mkg3TXNDRFN4VjlMWVdRM3lWMEVocTNUUjA4cVRGcEpaUmJBMEUzekRYbm9tcjJaZTc4bko4QVBVQQ?hl=en-US&gl=US&ceid=US%3Aen
"After Nvidia earnings, is the AI trend still investors’ friend?",Yahoo Finance,2024-11-24 15:54:02.139148,https://news.google.com/read/CBMiqgFBVV95cUxOM0UtVUhSMERheHRHSkRQTG5fWFVTeGItaFNTX1dhUDY4R0lLTnI5cndiTlVhNllMSUtXcVpNRU5jQmxsZFY4b2lrMV9PaDhOWWpVMmU0R0ZhNXlFNkRzQ3M5emJDS3N4TDJmb2hYX3NjOWtrWmR2WWI3dGVoTWczSE1NeGZHb2YyTVJrTW5VVUdRR3RaMTFuTmYwUTVJdzVIem4tbThBdUlBZw?hl=en-US&gl=US&ceid=US%3Aen
"AI increasingly used for sextortion, scams and child abuse, says senior UK police chief",The Guardian,2024-11-24 10:54:02.139655,https://news.google.com/read/CBMi0gFBVV95cUxNNWpwRWxhd3Y1T3FScXA2U1dwVU1nSWZNTUR1aVBwQlZ0Nmt5TjlaNW1rdHFPU0dsU1hnUU82bUs5SHJONHU1bXFrRDBmb3A2T2UxQ0tYang0eV9XRlJOYS1UUHhKSTlBTWJTR3JrYS03WWxncTR1ZGhYSExHcnVkdUtvVEdhV0gxbldRSFk0M3cwVzhid3FmOUpNODNUWXVNcS1MckNpOXFXb0p0c2hiMlJWTmVOa3U1RGNoTmxPMEsyR1pZa1VISFFPbVJ0OHF6TkHSAdIBQVVfeXFMUEd6X0thaDQ5YmZWYlFpOXFRRnNIOXVqVHEzVWoxNnlrcEFQVUxsdXV6SXVKOExCSzcwUGtlbVRNSnIzem41bEJ6OF94WXEtemlFSHZqV2ZYeXhKU0JxcGRvengwVFFaaXF0VWtneG1ld01lT3lkdzVsaG9WSS13aTJLQkhQdlFNb1phdV94VTNIS3ZudjRlblhpV3RJSGhsZWR5eGNpOFJhMWlERTA0UjBXcnVnTjB3M2I4Q3UxdGlxNHNtTFF5WkhCRlVMU0tLMEtB?hl=en-US&gl=US&ceid=US%3Aen
AI can now create a replica of your personality,MIT Technology Review,2024-11-20 10:54:02.140231,https://news.google.com/read/CBMiogFBVV95cUxORG5QaUo4eUdGZU9xaTBWOWRYRmg2a1NKY21rQ1o0ZzQ1YnhVdjFmUUdjOFE4bVlVSWFaLTBKRUR3RW9VZ0RCVVZvS3lqZUw3M3hpb3BBeF9rRHZYSlNRZWFKOGtaV2dvaUxHZUtLNWZUNE0xMGo3ZWdVT2M5TWNLSkd1OG8yNXR0RU83bWc0MVZBTE95TzNUdFZiVy1EOG5pTmfSAacBQVVfeXFMTU1nalRkZ1hFWTYxQUlSVkNLNGh5RUh0WWpHdEllTTR3ZWdqNXBBakFNMU0tWXloaklVa2RaRHo5OF9vWk5vSElveUJFVW1reWw2Ry1QY3JaQ3BvcVpWOV9Tb1Uzb3pyeFJKTlNEdFg2OEg1a3RNdXVVdnRpZFJXSWNJUFJMTlhBeG15RWhIczVGeHh1dWtueWJnX3BVc3U0R1cwR2RlUGM?hl=en-US&gl=US&ceid=US%3Aen
Conservationists turn to AI in battle to save red squirrels,BBC.com,2024-11-23 10:54:02.140814,https://news.google.com/read/CBMiWkFVX3lxTE1YZWpPV3VieDVkbjVBbFBMZDN6aWY2Z0thSHZTeXV5TjlNLXlXa0FXOWJVMEw0S2MzS2Z6V0xFUlV1dnZ0cUc0X0RkRE1XbkRFN0hHSlZSZzR6Z9IBX0FVX3lxTE5ET1RQbS1KQ2FVVkJxY3NVOXZIbXNzRTRxYWk1WWFGVVE1V2h1SlBWRi1xVnBhUVBhdF82enhoMDd2NEltdVpTR2R5ZENaTVVCeE82SVpqcU1hNWVQSmo4?hl=en-US&gl=US&ceid=US%3Aen
AI Boom Makes 139-Year-Old Cable Company Japan’s Hottest Stock,Bloomberg,2024-11-24 22:54:02.141323,https://news.google.com/read/CBMisAFBVV95cUxOMHhaMEF4OVVMaTJRTF9PejBvUVVucjNZUFZIN0xEaU4yeXpfaDVwNWtVYnl0NjEybzhidkxqbUM0cWxFQlRIUVFlVC1fd0VDd2dMR3Z2UFh3ZDlqMFMtc3pESVoxV0dMUnFlSnlYS1ZnR3JOcmdEdkpHeDlnbVg0WTQ5WnEyRW8yNzJIMVQ4WnFEdEhTdWhDR0JXMmJWa25mSktFVEhkSTQ2WUFkeWo3Rw?hl=en-US&gl=US&ceid=US%3Aen
The Only Free AI Tools You Need for Peak Productivity,How-To Geek,2024-11-24 20:54:02.141853,https://news.google.com/read/CBMihwFBVV95cUxNTEJKSVBHY1lNOUh3RVJ5bzhlMk5Pc1dZU2VGUkRKSkgxeHFQS0lEeWx5UEd6UFByclpsUUkwZE9lTVNUazNLcEpnaDhhMF9LTEsxSkRBQm1fc2NRZHQwY1VuSUFNREc3OVZtSEh1c3YyOFhaTTR1NjY4Q004YXExbnlKbVhqR0E?hl=en-US&gl=US&ceid=US%3Aen
US gathers allies to talk AI safety as Trump's vow to undo Biden's AI policy overshadows their work,The Associated Press,2024-11-20 10:54:02.142343,https://news.google.com/read/CBMiugFBVV95cUxQbV9YNnlCR0E3YkpUTVpaTTMzNkM4TUlRWkNxRUlaSGdpaFRsNmdoS2l4SV9hLTlfZUI5OWRhM0dGOV8yWWpiOGZGVGxIZXJJTlBkc3Q1dmFOUjNiQjNqVU1yYW8yMlJYUVg3NmlZejMxQnBlMm9xSUsxX1NMc1g4eVhXMmNNUVdMRUxrV29ZNnpuYXRHNmF2MjFLcDlocnQ5TVViTHkzNVp3TGItYkNGZS01SHlkS1plS1E?hl=en-US&gl=US&ceid=US%3Aen
Prediction: SoundHound AI Stock Will Soar in 2025,The Motley Fool,2024-11-24 10:54:02.142855,https://news.google.com/read/CBMilgFBVV95cUxPbWpUUVJLOXJXVWxuV0VSTVRfWGxBYVhLQk5VczJkejlMMjlhNWEtYS1YU1lYSG44MmpiaVZkQ21NVWZKYXJVc1gwVloxTkRzS3c3SEJvT2tuUjRFOTBFOE1sUjdhZ1F2RWNNSDJ1M1RqQ1RUUE5uTWVOSVJUaHg4MnlTY29yV2tMVC01VGZpWTRuNUM4QVE?hl=en-US&gl=US&ceid=US%3Aen
Do You Believe That AI Will Ruin Photography? Do You See It Already Happening?,Fstoppers,2024-11-23 10:54:02.143327,https://news.google.com/read/CBMirwFBVV95cUxPekJSdndRRE1nY3djZ05reXY5Q2p4bFlZMkhrcURKR0ItbGNVSWliY25BTlZCVmVIQ3pIY0F0M0ltbUY3N0xuOW9jT0hiZ0lJU1Y2Z3MxZUtGN29TbVVUUUF4S2lWMWhYRE5JVmY0eVI4QmNDdFhDU2xFRkJoRmRKSFZ1OTV5WmgwLWVzcjliWDVGcUp3d1NKVWJwN2lPTERqbEZHS05VQ2JyNjlLaG9B?hl=en-US&gl=US&ceid=US%3Aen
"Introducing AI Backgrounds, HD Video Calls, Noise Suppression and More for Messenger Calling",Meta Store,2024-11-20 10:54:02.143956,https://news.google.com/read/CBMiqgFBVV95cUxQWjJ2Uk5FR2NZUGFHUTFka3U4NF9KMWkxd2hoQ3ZMRlRFY2V4R1BiTWtvMk5nZkJyN2FXaXBJMExhMjRxZkktdnlMeU9nVDJ3ZEdnaGEwc0pUdms0S0xvTEVKQlFMVlE5N29FaGFpbVd5Q0ZxcUptandOTTVWdWlxUTBSSXFmZW9NVXNlYXV5ek1YM2pRNHFKSHNmSTlyd3llZ0dVVXVJSTd6QdIBrwFBVV95cUxOUk5yUzhycnZlUzhGbmNzenVpbkxtU2p5dHYwVUdzS2RidjJhZUFmbUhaUGdJaVdwZ0hEaFZlTDRmTXpac2VuSE5pTDFoUnF3U3Jyb01YUU5KVFNjalhnZGhTM2tlb0RNdFN3U0xVcE9YNE8xUjhZOGRIbFNhV3l5MG9iUGpEa2FwSzMtZ2xWcFJQY05ZemZFQTRxLXREc3dFaW1HV3h6cUx6czVwMGpV?hl=en-US&gl=US&ceid=US%3Aen
"Microsoft Corporation (MSFT)-Backed AI Startup d-Matrix Ships First AI Chip, Aiming to Revolutionize User Interactions",Yahoo Finance,2024-11-24 16:54:02.144465,https://news.google.com/read/CBMiigFBVV95cUxQbVY4SmNZT1JINmJmWktHanIyUEQzTTllcGc2ZkpQckRSd2tLNVpzQXZQZU0yOWFvUHlYSlEybER0VG9SQWt6bUxGN2h0NXNITzd6R1J5Y21JeUVnYml5dTFMNlhFemVEQWJLYndUTmxnNlgwYVVNSVc1ekpmYjFGdmNUVkt4OE1PU0E?hl=en-US&gl=US&ceid=US%3Aen
"Exclusive: Huawei aims to mass-produce newest AI chip in early 2025, despite US curbs",Reuters,2024-11-21 10:54:02.144958,https://news.google.com/read/CBMi1AFBVV95cUxPcTJlUzh0dmZFTnlBS0FrM0RoMEZvbE9tcnVMSTR4RHNnd0o2dkZvQnVvbVpWVmN2ZU5uemxicnl5VFpna1R2Z1UyMlFlVE0wR0o3V3B2bVZLTk82WHFLLWJlUEt0M1ViM2IzYTRCYnFnMFIyLWNHZ3BneDlrU25OVjkzM1pZOUNIMXBaVThJNzk0M2NlUUdkdEdhTGtOU0QyTlAxOU04bXJGOUF4MFlCOFp4dmh1REMzaU9rSWZqS0JBNV8yTHZ1SnFYVkNuYmxwRzBpYQ?hl=en-US&gl=US&ceid=US%3Aen
Netflix removes AI art poster for Arcane after an outcry from creators,TechRadar,2024-11-22 10:54:02.145488,https://news.google.com/read/CBMiygFBVV95cUxOQjNVZ0x6aHNSZDdycHJvNGs1S0RHLUxfLU5fZmk1WWMycEc0aTZwQ1R2N291czU5UFMzLW10SWxReDYxLXJCbHhwZkVwYjRiR0hfUkhWMTZwdUNKV3RyamlBdkxkN044TGNTY04tVzhWTV9pV0tPaG5qT1ZybWVObHlyN0d2UEtkVUIyYnd6dUlib25zWlVsVnpQOHk3b1lVU1RtWnpyTkVTeWdKaGtTU2Z1Z3puY0NiSk1Qdm01aEJjRlB6WGVNNGpR?hl=en-US&gl=US&ceid=US%3Aen
Nvidia Has $71 Million Invested in These Smaller-Cap AI Stocks,Yahoo Finance,2024-11-22 10:54:02.145993,https://news.google.com/read/CBMihwFBVV95cUxNVUxxSEdFT1lPUUpNSm1rdDVCZDBtemV1bWRRRHFwejdUYTNIWGNYSDJudER3aW5kcW4xTVJzLUFBdXEwZTRWMnNoY1hhQ00yRVVzTkR1Q1VRdEdjSjU3ZTc2MW43U2FDTWYxQzBFRlM5dWZKdGN6RjNtZ1RxSmVpU0JXak1wZWc?hl=en-US&gl=US&ceid=US%3Aen
US government commission pushes Manhattan Project-style AI initiative,Reuters,2024-11-19 10:54:02.146487,https://news.google.com/read/CBMi1wFBVV95cUxPZG1GWEN2Rzc1bDNIR1RjNXpfT3VVUFFDdFlHVE5QVUZrV1QxeVBsektjaFFUZF9fdGdoVHJoMGlGZ2w4TTJRZXl4eWEyZFRxRTVFYk1pVnFoZDlNQ1VCdk5YZk1DMy1EMmFZaG91TlNFckZJX05PNTJWVU1EbUM2bGtwckJLTEE5Y1kzcEN2SnpoZ0NwcXVwTm14R3VlaWxXS0I0dnlsVGpHY1VMMzd2SjY4N09lMWZJZmRBYTRfM0JuOGQ1T2FMZXR0QWYzS3BMcVlQdmFmSQ?hl=en-US&gl=US&ceid=US%3Aen
"Godfather of AI Warns of Powerful People Who Want Humans ""Replaced by Machines""",Futurism,2024-11-24 15:54:02.146975,https://news.google.com/read/CBMiXkFVX3lxTE1qRzFEdDdLZE9rUUU0c1QzMjkzcnhBSk03TzA4OUVoaTQtQnZxQnl4YThWRWNyR3ZTQ3NYSGFLUmFJMDQyWmFERVBDWFEtT1lvU0Y2VFR1Y1FROW01VUE?hl=en-US&gl=US&ceid=US%3Aen
4 AI Data-Center Stocks to Buy for the Big Trend. Demand Is ‘Robust.’,Barron's,2024-11-22 10:54:02.147464,https://news.google.com/read/CBMidkFVX3lxTE9QdkZpV2xjMTI0TXVGWEd2bnRfNkt0aXR0Qm1pMktldUthSlgwek5wYmlwNExLOWhnWl8xbDIxNEh2RnMzQkg2Z2tOLTB4czVqQkh0NWE1dTMwbHhVZnZVUFNXaDl1VDZPdU10dkJVTWFPaDh2X2fSAXtBVV95cUxOZWE4NkQwRXdENzJWZ1hCS1p4ZVNsZnlKNXBzTXhkWDVUYWJHQ0dYY2Zld0xXQnlGblFTWV9ySUhRNHpqSjhNU2Vtbi1hOGNpbEpEZDFwTTVUaU1zOVpmeVFiS2NhUktYRjhucWR0cEVHb1lRMHh1U2RmYkE?hl=en-US&gl=US&ceid=US%3Aen
11th Grader Takes An AI Tutoring Deep Dive,EducationNext,2024-11-22 10:54:02.147965,https://news.google.com/read/CBMifkFVX3lxTFBJTWFuaFJ2dTFES0ZjMkVoa0dtYXZmVVdBdjJSdU1ZRmw5NFlocWt5OHRzTWpTR0Zvam0wTWM1X1NjRnNNUnZ2UWw5bllFOTZNV05WbWs3TDZCdGtjaTMtM0MwT0ZuRXVpQmpIdFBkVVdFbXR4a0Z4ekNNQXFlZw?hl=en-US&gl=US&ceid=US%3Aen
Most Gen Zers are terrified of AI taking their jobs. Their bosses consider themselves immune,Fortune,2024-11-24 11:54:02.148547,https://news.google.com/read/CBMiZ0FVX3lxTE9JdGF4eWdkalNfNzAxeVdkSjJDT2V4N2xackJ3bFVIdXRzajh4bnJQVm9fSjQ0RjhPREJWY3BpMFVOX3hYZnUwN1YzTDl1WU5yV1pjeTdhcUxQYlA2dzNXZmJ6ZTQzLWc?hl=en-US&gl=US&ceid=US%3Aen
Jamie Dimon says the next generation of employees will work 3.5 days a week and live to 100 years old,Yahoo Finance,2024-11-24 12:54:02.149107,https://news.google.com/read/CBMihAFBVV95cUxPUEp2SHpsUmFibUNYMW5XV3N0NjJfYW4xVkw4TXN6R0FhMENtejhLLVhjTHY4VHBoNm9hM0ZnNjZKLXI1ZnN3X0c4Qi1lZldJTFdMYVBfWm5jWGVkVmEwRTY3QndkcEo3Z0Y1Vk1sSWZsR0ZVNjdPeC1EZUIwNUVTNUNreWM?hl=en-US&gl=US&ceid=US%3Aen
Ex-Google CEO Eric Schmidt says AI will 'shape' identity and that 'normal people' are not ready for it,Business Insider,2024-11-23 10:54:02.149652,https://news.google.com/read/CBMinAFBVV95cUxPaFF1UGVVRkV5QVgwX2lOZmVCQmlRMktXX3lFbElvbmo4ZG90M04xeUhTZk43R1hENzRQUnZnY3hXQnVKTlp5TE9vd0RpTmpjUkk5dTk1VmJCQ1NOUXR5dlJKNjBKRnppSS1sQnphMnpqU19GY2ZyMlFHTk8tX2hsWnlKeEZRbkI0NWZXdHU1OVY2U1hraXRmMnVhZzU?hl=en-US&gl=US&ceid=US%3Aen
A Pennsylvania boy used AI to make nude images of female students. Was it illegal?,USA TODAY,2024-11-21 10:54:02.150149,https://news.google.com/read/CBMiwAFBVV95cUxOQVQxaXNLbHkxa0lPQmdmLVZNRWVsSWp3ZFhhRmdYMUlJUlBlXzBSdC12RlplYnNHVGQ4VVptSkJKUnFnd3JTWFF5SGpLdGRsdHlnc0hGdm5HWnJiYzlnSmUzaHJBMXJKaUE4RzZoMUFEdkhmYXlGOTdzOFlDc3NidVZ3T0ZyeUZSN0tOclVBSnRlWkdCY1Z4NGNyelZxby1kZGpQb0dYYWpkenFMTFZUWmg0ZUJ5azgzVk1VYU03TEQ?hl=en-US&gl=US&ceid=US%3Aen
"Week 12 NFL betting guide, odds, props: AI, expert, model, parlay, season-long, and DFS fantasy picks revealed",CBS Sports,2024-11-24 17:54:02.150637,https://news.google.com/read/CBMi1AFBVV95cUxQdk9zNmhvM3RJdHFYVHI5RGg3TWdNUjJlRElKSkx1NDVCNW9EUkNlSzFKZnIzYVdyZTlocGxsUHMxZE9PYlhOVEduYW9iYklzd29mTF9CV1hoaTh4Vy1VVWhMYURNMllkMlgwbGZYWHZmNjlHSG9qUFpUaEM5VWdnOWd0SWh2ZFRqbk9Eb3liaFk0RG5pZjJfd25Sblc4aWU4aXdVeG9NbXRQb29FcTlsVVdqVlI5WGVXc0hlVktncG5rY2xvTUdTZzNJbkVsUTBiVEwzTdIB2gFBVV95cUxORWZJYXJvS0VOTWxPc1Y5NXBENlFyTUpENkoyRGtUNkMwdFNlaEQtV1F5bEk5Ymxlc2pxZVBFd0xhZW9DbG9tZGpWWjlSVm5sQ2tVZngyeUhVbTJYbS1pQ2hyN29sT1BxTzVzMGN6NWJsZFg0cG1oUGtud0FXOHNjbGo1UDdFNU9fRlVjeWhTZmZaejYwd3R1aWlFcXFvWlFJajFPSkhGWEhNR25vc2RidkF3TU1XaXdEcUxyNlFTUkJJVGNHMXR2SG5iNFo3NS1NOGNLVjB0dE5Edw?hl=en-US&gl=US&ceid=US%3Aen
Coca-Cola’s Holiday Ads Trade the ‘Real Thing’ for Generative A.I.,The New York Times,2024-11-20 10:54:02.151124,https://news.google.com/read/CBMiekFVX3lxTE1KajN0UmFXX0ZIbTVqY2xBYnI5RkJIdnNrOEo3eDBlODg1bWN4a3VDckFFS3RoUmRTcVNXX3RmT2JIRFVKUVlwaUxrRWZGcDc5dks4YTlvVUp2V2ZUV2dtaHMtdi1BaTcyN0FrMTVCWUoxam5DWWtEZ0h3?hl=en-US&gl=US&ceid=US%3Aen
Generative AI Revenue on Track to 10X by 2030: 1 AI Stock That Will Benefit (Hint: It's Not Nvidia),The Motley Fool,2024-11-24 20:54:02.151622,https://news.google.com/read/CBMimAFBVV95cUxOcTRLTHVZYy1wMjY2TDFqZUtWNGg5REEwOXk2VFFGQmotRVl2Q0xRWWZPdkNWNHVURVNTcEwtbXJNQW0wa0lLb3B0eDdjZlB5UlVCUmtMREp6S3dia0lGNjI5WkJONUZpeDlWLXBSZ2tUN0ZxeVkxbDhhemxfUUNWOHZBeHo2NjRWQ1F4bTlmNU5QOUVhUjVYeg?hl=en-US&gl=US&ceid=US%3Aen
"No, ‘AI Jesus’ isn’t actually hearing confessions: fact check",Catholic News Agency,2024-11-21 10:54:02.152108,https://news.google.com/read/CBMiowFBVV95cUxPdVBObXZmbnNHTkNuUnBIVk1OdE94RjdPbkxkcnRCRmFnNHJCMWdzcVVzb3FiQnpDOHRCQ2cwNmpNZVFWcS11N3ZHNGNGbXV4Vko5SnYwb19zMVVCcFRlZ2VuYnBTY3R2S3VULVJaUWM4MEhEQng0MXk5dmxFTkhadEFIR2VWdVdxakhwUjltYkQ1aVg5YjlTRXF5UHNza0o2bU840gGoAUFVX3lxTFBWelFjQVRWQ05KLWlEbEFJUXptSnA5TEFOWUJ6YjJfc3VsakR3Sl9LN3I1VTdNbHVvUTI2ci1GY2ZFOEJBckdmbGFkSHBIeTQtN1FXYmxsQUplYzctQ1BqTjZQWHNUUFFTaGEtNFFzdmw3WGRPME0zeHdiUkRadWhCdEhWOUM0SXJPb3lIaEJ5Z2ZoanNOOGpCZG85N0hUaUs2d0lnSGduUg?hl=en-US&gl=US&ceid=US%3Aen
AI’s Future and Nvidia’s Fortunes Ride on the Race to Pack More Chips Into One Place,The Wall Street Journal,2024-11-23 10:54:02.152594,https://news.google.com/read/CBMiaEFVX3lxTE91ODZfUVl6cWJrQkpJc0FMVVVJVDgybUxBa0tzZDJPUFRzbEVnaFFhZFd5XzJLRTAwNzFMOXhoWEpBRGZnUDcxQ0w3UjYtbWFtZ0I2S0t0Nks4ZkplUXI4LVRwZUZBbHl3?hl=en-US&gl=US&ceid=US%3Aen
Silicon Valley CEO warns 'absolutely there's a bubble' in AI valuations: 'Nobody would be surprised' if OpenAI 'disappeared next Monday',Fortune,2024-11-21 10:54:02.153076,https://news.google.com/read/CBMilgFBVV95cUxOVlV6VFl6czZhM3haOHNPTktQZnMteVJXUTJKNnl3NWx3azRScFlJdHJOQldwMW5WNm5PcENKRXVIcDdTeEtMNjdpQmNyZ0xtOFhrbGxJTzNZR00tSFFVR2JSczItTllpWFBkVjFaQ3hPdDV0Z1Zza2hPUmVRSmM2SUtuQ0hEd3pUNHRkZWVwOW95dGh2NXc?hl=en-US&gl=US&ceid=US%3Aen
‘AI Jesus’ Is Now Taking Confessions at a Church in Switzerland,VICE,2024-11-21 10:54:02.153586,https://news.google.com/read/CBMimgFBVV95cUxOdzNMekhYV0d1b3NjVk1tZXplQThGS1BpLWJrMzRDeUk2OXhHdFdPcmxldDhVTm5wMlQ4YzdzYm1mOXBVcDZnaWJNdXdKRm5qMDQydWUwckxDMFdkWUllWnZrT1MtaklTOFk4WnJNOFRCd1IyOExLWkoxSklnYVdXMkdlcW5GRjBNTjVheDVFeTI1bU5uU3dfVGdR?hl=en-US&gl=US&ceid=US%3Aen
Advancing urban tree monitoring with AI-powered digital twins,MIT News,2024-11-21 10:54:02.154060,https://news.google.com/read/CBMikAFBVV95cUxPQm5CdGlneHBWNXhCakRBZ0M3VktFVTBGekNKVXIyZ0tjbElBeEVleXJCUEFBQm4zaHlTTnFyb0o0eUUyelBGc2hlb1VKR01CeHFvRWxsZURwWkVZdW9TemJDYXNCNVJHb0J2c2lqRGVTNFhMem81SFJvUzBNODQxNV9IdUE1Yy1DYzhXelpsTWI?hl=en-US&gl=US&ceid=US%3Aen
Deus in machina: Swiss church installs AI-powered Jesus,The Guardian,2024-11-22 10:54:02.154549,https://news.google.com/read/CBMiqAFBVV95cUxNazJxaHhYR3JhUTByd3Q5eVNCRVoxdlktR3Y5Uktvb1R3YXctUkZFLU5MTHRVNkZXUWpiQjJlbFNlTTltT0lVcFFUbDJ0MnpLU2hGb1E0U21qR0xPbVFLSENENTYzUUlSRGpZZjRqVXZ1aC1ld1ZHbEN5YzFWMlVCLUNUZWp1emdTYmlXUkNSWU4wVDZZQXdPUUJGRmh1b1Fub3hsYXh2QWzSAagBQVVfeXFMTW1TYzJ1QlAxdG9yMlFNVVpZWHVseE83MU93ZlJtOGE3OXBPcnhvbGt4Tm8zdmMwakFZOEV4cnFwUEkyV0NQMGdDMVgxcHNrOTJjWWNJLTVQa0ZfaWI2QnBLaEloQXZKeWJUcW5tbVJjWlU2ZnpxZXd3b2I0TnZVY295MnlkMEx1Ykx3R05ySjE4SGlFYnJuMEtMeFpicW53bS1FVzV1Zl9i?hl=en-US&gl=US&ceid=US%3Aen
Amazon doubles down on AI startup Anthropic with $4bn investment,The Guardian,2024-11-22 10:54:02.155034,https://news.google.com/read/CBMiiAFBVV95cUxObTZWOVpBS05mU2tsOUttelVvUEVIUmFYc2dDVHhqR0FTVmtEZElhbDFyblYzX0EwSHQyUmZQZnNrRWs2NUhXNTJDX2tnV2dlcHpXNkN3bkxac0hMZUN5TEVpNml3RDNRRzhyVGdwTW9yZjFzaE52WHhiUGVyNnBub3IyZ2stLXg40gGIAUFVX3lxTE0yRGRxZmdubVdObktTMUxfYzBvXzJfN1Z0SG5YR1Rqa2NhOVNLeG5jLVp5RFpNc1JaWlJmQ2FlR1djVWhvbGMwYlMxNmVhcXV5OURjVjVNLTFndE5BOXZiWkxiVVBvSzVqUFZMUldZS3MzQjFLRklpZV8wX25OTzhHOVJISVFWb1g?hl=en-US&gl=US&ceid=US%3Aen
Wakeup Call for HR: Employees Trust AI More Than They Trust You,Josh Bersin,2024-11-22 10:54:02.155516,https://news.google.com/read/CBMimgFBVV95cUxOOUZCd1lWcW5oSFN5ajRKU3AzX3NSbENxLWRnZDIwNTFzak9SNjVRSUtjOXJtcllXTktZRzA3YlNtYzNXQnh2OHRQb3piNmhpM3ZoczBWa3BEWVN2TU9PME55TmZRMVBneTZzMVZBNFIxOFA3eGVidDRfVEZHRVpyeXVOLUxDODhDeXotV3dUOHdBenh2MHZraTRn?hl=en-US&gl=US&ceid=US%3Aen
MIT researchers develop a smarter way to train AI for complex tasks,The Brighter Side of News,2024-11-24 19:54:02.155986,https://news.google.com/read/CBMiqgFBVV95cUxQbEs1aWRRQVQyLVYtbm5YZGFGZzJtRnlxMnpCQVo4NW55MmhtU21tczBsSTBJU2wwTU1rMk9vU3hBM0x1MXc2RkRhSkZWbjBNTlBpbkFrN25yR1NTakFROThTdnMwQjFrTkx2OG1DZ2Q2dndXLTlMRzNwckpXbzh0Q3E1Qzl6MFctdWhKdGtpMHI5TW9VNzhZM2daWS1YRkdRc0JFVDBHOXo0QQ?hl=en-US&gl=US&ceid=US%3Aen
"Girl Murdered In 2006 Was Revived As AI Character, Leaving Family Horrified",NDTV,2024-11-25 03:54:02.156474,https://news.google.com/read/CBMitAFBVV95cUxQWHhLNXIwLU1vaGlyblZzRk91a0NTRlZlR3J2UnQwYnJCWUdlZmVDX2pNZTJsOW0yT0tVbDNRNXlac3BUYmpSb1RNaldMTzB1YWtXT0tpaVZJZmdOdW9RVmM4M3VqQXlyNGp1ZXZ2THp2ZEMwYjFtanNHUmVyR3JtaUxZTjlmZjlwbHZfcUtkNmtvUHpWTXdDRDZiV2p1MVk3YW1Ra2FKRG1UdFFIaEdyZ1ZDakzSAbwBQVVfeXFMT2JiVkd3QzNvLVN0OS1HMmgwV1dyS3k0NzNCdXNfTFRUZjZDNE96UDJrYVlEWXBOSWJwaVhuRE9DLXMwb1Z5ZXNmNUFUMHpaU0FrWDRxR3lRbi1CMm5BM2plZ3ljdnBHSDUyMlMtcXNUMzBSYzhPVGdQQmFORlhDb29FTjBaNUxsRE9LTkk1TWhrOGhZNkdMSDJaVndOS1ZfbFIxS3M5Y2FEdDVYckk1eE9LUGZnZWNFdVBtNFg?hl=en-US&gl=US&ceid=US%3Aen
Does Your Teen Recognize A.I.? Do You?,The New York Times,2024-11-21 10:54:02.156960,https://news.google.com/read/CBMiggFBVV95cUxOalRfaVhaWXZQeTRDekhHQ1RLY25qLVRqdUpILXMxNnZHS2xqYTd4eXZOQzRmQUhja1ZkSVNsMGFMa2NGZDNEVk1WZ3l1am5OY1VwckthWEZsckJnY1hNSzl6Nkp3VzRrUGtxSUFQdjdzRjRBQTRvaFdudVZDckNDUzd3?hl=en-US&gl=US&ceid=US%3Aen
5 Takeaways From An AI In Shopper Experience Study,Forbes,2024-11-23 10:54:02.157450,https://news.google.com/read/CBMipgFBVV95cUxOc1dLWEVXQ3ZDRU42QmxiVmFEaVp5UEFrMENQNTBlSlBuUG9nemNmZG5qVEwxc1E4Tk95VTNxR1pBYlk5WXRXaUlCV3k0RFZpdUVoa3VYMDk4STVsSW1ZYWd3cV9GeHBxVzRTZXlqN1F4cEdKbXV6TnhmVllpLU1Ra0FjTzVUYm1KLVF4QVRtQnM1bG94Sjl0bG1zYm9ISDZvMGxHR01n?hl=en-US&gl=US&ceid=US%3Aen
AI predicts one altcoin set to outperform XRP and Solana in 2025,crypto.news,2024-11-25 06:54:02.157924,https://news.google.com/read/CBMijgFBVV95cUxNRFNQVUlmaE1NN1JaM2pJWmtlQ2QxSE9tSHNOSUw2YWxFTXZycUx5ekU5cmFXeDJTSHlDRlVacHV3Z2M5VXE4OUdNVmN5R0F2U0pPR2xYYkxmVWg5U29RbW1ZLXkySnU5dHAtcUU0enVwaG1DY1l0cVltMURNWXVwR3hHc1VxcTZMbWVmMllR?hl=en-US&gl=US&ceid=US%3Aen
Can Google Scholar survive the AI revolution?,Nature.com,2024-11-19 10:54:02.158440,https://news.google.com/read/CBMiX0FVX3lxTE8wdXJoOVBaVjEwbXcwNEdIa293ckFlWUdiY2xpdTdfMXFJc0tYYlV1SEJMaGtZME1aRS1ZdEtyYjg2WVEtZHVlUWExQWJnZkdGSmhkUzdZYm9HWk5kU2lF?hl=en-US&gl=US&ceid=US%3Aen
The AI Reporter That Took My Old Job Just Got Fired,WIRED,2024-11-21 10:54:02.158995,https://news.google.com/read/CBMihgFBVV95cUxPODFpYm5zbkgwNWFSYWFsakE4OG55WnlRYzVJdHB2RlEyV3o4SlVTQmMyMHV2cF9RMUVDamt5LWhMN0hGSldYOWEyRTZoSlRFQW5wQUdUVUZzOXIzWWZHUGgzTWVxc3ZzcDBYZmhCdElxU0JvSE5OSGtMXzZacm5tUDBIYVJmQQ?hl=en-US&gl=US&ceid=US%3Aen
A new culture war Is brewing — and Coca-Cola's AI Christmas ad is at the center,Salon,2024-11-24 17:54:02.159480,https://news.google.com/read/CBMiqwFBVV95cUxOOUx3MHpDSkdWaXYtbHhMMUt2OHREUmlMcTh3OUJBdTYtUlprLVd3RDNQblNhS0ZTMkRVT1N6UFFvVGZjZVBRcFdSSmZ1MGV0bUxoaExjMjhDRDY2a1BPd1BQVGlibnFCV3cxNWM3Mm9KVGpSZ0pDRnVtZW90ZHotNXZER3Z1V19ublZmN28taWxlNW5rS2c1R0JYWnJQNHlXTHVfcEZRclBCdWM?hl=en-US&gl=US&ceid=US%3Aen
